mgrs,query_groups,selected_scene_count,dates,epsg,bbox_wgs84,nominal_rgb_m,nominal_scl_m,scl_sample_status,rgb_sample_status,rgb_source_read_verified_this_audit,sampled_scene_count,failed_scene_count,unverified_scene_count,sample_total_points,sample_accepted_class_points,sample_quality_rejected_points,sample_no_source_points,has_rgb_preview_evidence,has_contributing_rgb_preview_evidence,is_island_inventory,is_administrative_boundary
MGRS-48QZE,"[""main""]",3,"[""2025-03-22"",""2025-03-27"",""2025-07-17""]",32648,"[107.8184220079,17.0600500031,108.8695697874,18.0682622133]",10,20,sampled_accepted,sampled_rgb_nonzero_scl_accepted,True,3,0,0,75,56,4,15,True,False,False,False
MGRS-48QZF,"[""main""]",3,"[""2025-03-15"",""2025-03-25"",""2025-12-20""]",32648,"[107.8324036964,17.9615383161,108.8899021871,18.9705988853]",10,20,sampled_accepted,sampled_rgb_nonzero_scl_accepted,True,3,0,0,75,50,1,24,True,True,False,False
MGRS-48QZG,"[""main""]",3,"[""2025-01-04"",""2025-01-24"",""2025-10-16""]",32648,"[107.8472398916,18.8634632701,108.911431016,19.8733773434]",10,20,sampled_accepted,sampled_rgb_nonzero_scl_accepted,True,3,0,0,75,66,0,9,True,True,False,False
MGRS-48QZH,"[""main""]",3,"[""2025-01-04"",""2025-09-06"",""2025-11-15""]",32648,"[107.8629430948,19.7652787939,108.9341747037,20.7760516892]",10,20,sampled_accepted,sampled_rgb_nonzero_scl_accepted,True,3,0,0,75,73,2,0,True,True,False,False
MGRS-49NCD,"[""nansha""]",3,"[""2025-06-14"",""2025-08-01"",""2025-11-01""]",32649,"[109.1993826817,2.62439197,110.1885765099,3.6186930634]",10,20,sampled_accepted,sampled_rgb_nonzero_scl_accepted,True,3,0,0,75,64,1,10,False,False,False,False
MGRS-49NCE,"[""nansha""]",3,"[""2025-05-03"",""2025-05-08"",""2025-06-14""]",32649,"[109.1973721598,3.5288285993,110.1878917669,4.5234677789]",10,20,sampled_accepted,sampled_rgb_nonzero_scl_accepted,True,3,0,0,75,72,3,0,False,False,False,False
MGRS-49NCF,"[""nansha""]",3,"[""2025-04-13"",""2025-05-03"",""2025-06-14""]",32649,"[109.1949113511,4.432704221,110.1870048952,5.4276769768]",10,20,sampled_accepted,sampled_rgb_nonzero_scl_accepted,True,3,0,0,75,71,4,0,False,False,False,False
MGRS-49NCG,"[""nansha""]",3,"[""2025-04-13"",""2025-06-14"",""2025-07-22""]",32649,"[109.1919942443,5.337099218,110.1859137309,6.3324016371]",10,20,sampled_accepted,sampled_rgb_nonzero_scl_accepted,True,3,0,0,75,71,3,1,False,False,False,False
MGRS-49NCH,"[""nansha""]",3,"[""2025-06-12"",""2025-07-22"",""2025-08-01""]",32649,"[109.1886185443,6.241466358,110.1846173891,7.2370945299]",10,20,sampled_accepted,sampled_rgb_nonzero_scl_accepted,True,3,0,0,75,74,1,0,False,False,False,False
MGRS-49NCJ,"[""nansha""]",3,"[""2025-02-17"",""2025-07-22"",""2025-08-01""]",32649,"[109.1847824674,7.1452585001,110.1831152168,8.1412085325]",10,20,sampled_accepted,sampled_rgb_nonzero_scl_accepted,True,3,0,0,75,68,7,0,False,False,False,False
MGRS-49NDD,"[""nansha""]",3,"[""2025-06-14"",""2025-07-21"",""2025-11-01""]",32649,"[110.0992188481,2.6253673303,111.0878847123,3.6190581295]",10,20,sampled_accepted,sampled_rgb_nonzero_scl_accepted,True,3,0,0,75,72,3,0,False,False,False,False
MGRS-49NDE,"[""nansha""]",3,"[""2025-06-14"",""2025-07-21"",""2025-07-29""]",32649,"[110.0982125621,3.5301408083,111.0879829066,4.5239244505]",10,20,sampled_accepted,sampled_rgb_nonzero_scl_accepted,True,3,0,0,75,72,3,0,False,False,False,False
MGRS-49NDF,"[""nansha""]",3,"[""2025-06-14"",""2025-06-24"",""2025-11-01""]",32649,"[110.0969809008,4.4343536997,111.0881030934,5.4282254165]",10,20,sampled_accepted,sampled_rgb_nonzero_scl_accepted,True,3,0,0,75,63,0,12,False,False,False,False
MGRS-49NDG,"[""nansha""]",3,"[""2025-05-03"",""2025-07-29"",""2025-08-08""]",32649,"[110.0955208542,5.3390869547,111.0882455663,6.3330421623]",10,20,sampled_accepted,sampled_rgb_nonzero_scl_accepted,True,3,0,0,75,45,1,29,False,False,False,False
MGRS-49NDH,"[""nansha""]",3,"[""2025-03-14"",""2025-06-14"",""2025-07-22""]",32649,"[110.0938312717,6.2437933025,111.0884104377,7.237827448]",10,20,sampled_accepted,sampled_rgb_nonzero_scl_accepted,True,3,0,0,75,57,0,18,False,False,False,False
MGRS-49NDJ,"[""nansha""]",3,"[""2025-03-14"",""2025-05-13"",""2025-07-22""]",32649,"[110.0919112589,7.1479255636,111.088597795,8.142034141]",10,20,sampled_accepted,sampled_rgb_nonzero_scl_accepted,True,3,0,0,75,66,6,3,False,False,False,False
MGRS-49NED,"[""nansha""]",3,"[""2025-07-29"",""2025-10-02"",""2025-11-01""]",32649,"[110.9998199083,2.6253008504,111.9884737519,3.6190581317]",10,20,sampled_accepted,sampled_rgb_nonzero_scl_accepted,True,3,0,0,75,67,8,0,False,False,False,False
MGRS-49NEE,"[""nansha""]",3,"[""2025-06-14"",""2025-07-21"",""2025-10-02""]",32649,"[110.9998197071,3.530051369,111.9895779644,4.5239244532]",10,20,sampled_accepted,sampled_rgb_nonzero_scl_accepted,True,3,0,0,75,75,0,0,False,False,False,False
MGRS-49NEF,"[""nansha""]",3,"[""2025-06-14"",""2025-06-24"",""2025-07-21""]",32649,"[110.9998194608,4.4342412724,111.9909294844,5.4282254197]",10,20,sampled_accepted,sampled_rgb_nonzero_scl_accepted,True,3,0,0,75,74,1,0,False,False,False,False
MGRS-49NEG,"[""nansha""]",3,"[""2025-06-24"",""2025-07-29"",""2025-11-01""]",32649,"[110.9998191688,5.3389514718,111.9925316146,6.3330421661]",10,20,sampled_accepted,sampled_rgb_nonzero_scl_accepted,True,3,0,0,75,75,0,0,False,False,False,False
MGRS-49NEH,"[""nansha""]",3,"[""2025-07-29"",""2025-08-08"",""2025-10-02""]",32649,"[110.999818831,6.2436346993,111.9943856175,7.2378274524]",10,20,sampled_accepted,sampled_rgb_nonzero_scl_accepted,True,3,0,0,75,72,3,0,False,False,False,False
MGRS-49NEJ,"[""nansha""]",3,"[""2025-06-24"",""2025-06-29"",""2025-10-02""]",32649,"[110.9998184471,7.147743778,111.9964924745,8.142034146]",10,20,sampled_accepted,sampled_rgb_nonzero_scl_accepted,True,3,0,0,75,72,3,0,False,False,False,False
MGRS-49NFD,"[""nansha""]",3,"[""2025-06-24"",""2025-07-09"",""2025-07-29""]",32649,"[111.8995756336,2.6242614112,112.8888160183,3.6186094351]",10,20,sampled_accepted,sampled_rgb_nonzero_scl_accepted,True,3,0,0,75,40,11,24,False,False,False,False
MGRS-49NFE,"[""nansha""]",3,"[""2025-06-14"",""2025-06-24"",""2025-11-01""]",32649,"[111.900334743,3.5286529511,112.890924881,4.523363166]",10,20,sampled_accepted,sampled_rgb_nonzero_scl_accepted,True,3,0,0,75,63,3,9,False,False,False,False
MGRS-49NFF,"[""nansha""]",3,"[""2025-05-22"",""2025-06-14"",""2025-06-24""]",32649,"[111.9013179332,4.432483427,112.8935060547,5.4275513419]",10,20,sampled_accepted,sampled_rgb_nonzero_scl_accepted,True,3,0,0,75,74,1,0,False,False,False,False
MGRS-49NFG,"[""nansha""]",3,"[""2025-06-14"",""2025-06-24"",""2025-07-29""]",32649,"[111.902527603,5.336833146,112.8965658442,6.3322549076]",10,20,sampled_accepted,sampled_rgb_nonzero_scl_accepted,True,3,0,0,75,74,1,0,False,False,False,False
MGRS-49NFH,"[""nansha""]",3,"[""2025-06-24"",""2025-07-29"",""2025-08-08""]",32649,"[111.9039647334,6.241154881,112.9001066569,7.2369266353]",10,20,sampled_accepted,sampled_rgb_nonzero_scl_accepted,True,3,0,0,75,75,0,0,False,False,False,False
MGRS-49NFJ,"[""nansha""]",3,"[""2025-06-14"",""2025-06-24"",""2025-10-02""]",32649,"[111.9056300481,7.1449014961,112.9041303627,8.1410194048]",10,20,sampled_accepted,sampled_rgb_nonzero_scl_accepted,True,3,0,0,75,71,4,0,False,False,False,False
MGRS-49NGD,"[""nansha""]",3,"[""2025-03-13"",""2025-05-19"",""2025-07-26""]",32649,"[112.7985679367,2.6225740023,113.7881473626,3.6172646164]",10,20,sampled_accepted,sampled_rgb_nonzero_scl_accepted,True,3,0,0,75,63,12,0,False,False,False,False
MGRS-49NGE,"[""nansha""]",3,"[""2025-03-13"",""2025-09-09"",""2025-10-14""]",32649,"[112.8000849149,3.5263827838,113.7912576651,4.5216808951]",10,20,sampled_accepted,sampled_rgb_nonzero_scl_accepted,True,3,0,0,75,68,7,0,False,False,False,False
MGRS-49NGF,"[""nansha""]",3,"[""2025-03-13"",""2025-05-22"",""2025-10-14""]",32649,"[112.8020496855,4.4296297746,113.7950645538,5.4255310202]",10,20,sampled_accepted,sampled_rgb_nonzero_scl_accepted,True,3,0,0,75,70,5,0,False,False,False,False
MGRS-49NGG,"[""nansha""]",3,"[""2025-05-22"",""2025-07-31"",""2025-11-03""]",32649,"[112.8044670402,5.3333943012,113.7995773201,6.3298953668]",10,20,sampled_accepted,sampled_rgb_nonzero_scl_accepted,True,3,0,0,75,57,6,12,False,False,False,False
MGRS-49NGH,"[""nansha""]",3,"[""2025-03-28"",""2025-06-14"",""2025-11-03""]",32649,"[112.8073389365,6.2371292034,113.8047995053,7.2342267436]",10,20,sampled_accepted,sampled_rgb_nonzero_scl_accepted,True,3,0,0,75,46,0,29,False,False,False,False
MGRS-49NGJ,"[""nansha""]",3,"[""2025-02-14"",""2025-06-14"",""2025-06-24""]",32649,"[112.8106668175,7.1402874126,113.8107338573,8.1379780673]",10,20,sampled_accepted,sampled_rgb_nonzero_scl_accepted,True,3,0,0,75,54,3,18,False,False,False,False
MGRS-49NHD,"[""nansha""]",3,"[""2025-03-13"",""2025-07-01"",""2025-07-26""]",32649,"[113.6976527999,2.6202386749,114.6873235938,3.6150237206]",10,20,sampled_accepted,sampled_rgb_nonzero_scl_accepted,True,3,0,0,75,63,12,0,False,False,False,False
MGRS-49NHE,"[""nansha""]",3,"[""2025-03-13"",""2025-04-09"",""2025-09-09""]",32649,"[113.6999262291,3.5232409389,114.6914320944,4.5188776995]",10,20,sampled_accepted,sampled_rgb_nonzero_scl_accepted,True,3,0,0,75,54,21,0,False,False,False,False
MGRS-49NHF,"[""nansha""]",3,"[""2025-03-13"",""2025-04-27"",""2025-09-09""]",32649,"[113.7028707383,4.42568041,114.6964607162,5.4221645295]",10,20,sampled_accepted,sampled_rgb_nonzero_scl_accepted,True,3,0,0,75,64,11,0,False,False,False,False
MGRS-49NHG,"[""nansha""]",3,"[""2025-05-22"",""2025-09-19"",""2025-10-14""]",32649,"[113.706493503,5.3286350583,114.7024217193,6.3259636365]",10,20,sampled_accepted,sampled_rgb_nonzero_scl_accepted,True,3,0,0,75,67,8,0,False,False,False,False
MGRS-49NHH,"[""nansha""]",3,"[""2025-03-28"",""2025-07-31"",""2025-10-16""]",32649,"[113.7107974501,6.2315578172,114.7093197651,7.2297278907]",10,20,sampled_accepted,sampled_rgb_nonzero_scl_accepted,True,3,0,0,75,73,2,0,False,False,False,False
MGRS-49NHJ,"[""nansha""]",3,"[""2025-02-16"",""2025-03-03"",""2025-03-13""]",32649,"[113.7157847342,7.1339017125,114.7171584645,8.132910271]",10,20,sampled_accepted,sampled_rgb_nonzero_scl_accepted,True,3,0,0,75,72,3,0,False,False,False,False
MGRS-49PCK,"[""nansha""]",3,"[""2025-05-05"",""2025-05-08"",""2025-08-01""]",32649,"[109.1804765831,8.0495560005,110.181403529,9.0458246053]",10,20,sampled_accepted,sampled_rgb_nonzero_scl_accepted,True,3,0,0,75,69,6,0,False,False,False,False
MGRS-49PCL,"[""nansha""]",3,"[""2025-03-14"",""2025-09-10"",""2025-09-30""]",32649,"[109.1756976098,8.9538117585,110.1794810112,9.950395679]",10,20,sampled_accepted,sampled_rgb_nonzero_scl_accepted,True,3,0,0,75,69,6,0,False,False,False,False
MGRS-49PCM,"[""nansha""]",3,"[""2025-07-12"",""2025-08-01"",""2025-09-10""]",32649,"[109.1704427673,9.85747881,110.177346577,10.8543748365]",10,20,sampled_accepted,sampled_rgb_nonzero_scl_accepted,True,3,0,0,75,69,6,0,False,False,False,False
MGRS-49PCN,"[""nansha""]",3,"[""2025-03-29"",""2025-07-12"",""2025-09-10""]",32649,"[109.1646990183,10.7616374707,110.1749949473,11.7588430098]",10,20,sampled_accepted,sampled_rgb_nonzero_scl_accepted,True,3,0,0,75,70,5,0,False,False,False,False
MGRS-49PCP,"[""nansha""]",3,"[""2025-03-04"",""2025-04-18"",""2025-07-12""]",32649,"[109.1584619653,11.665740832,110.1724243271,12.6632533526]",10,20,sampled_accepted,sampled_rgb_nonzero_scl_accepted,True,3,0,0,75,61,2,12,False,False,False,False
MGRS-49PDK,"[""nansha""]",3,"[""2025-03-14"",""2025-07-07"",""2025-07-27""]",32649,"[110.0897560933,8.0525646706,111.088808099,9.0467433596]",10,20,sampled_accepted,sampled_rgb_nonzero_scl_accepted,True,3,0,0,75,70,5,0,False,False,False,False
MGRS-49PDL,"[""nansha""]",3,"[""2025-03-14"",""2025-03-24"",""2025-07-27""]",32649,"[110.0873641298,8.9571634899,111.0890415104,9.9514080259]",10,20,sampled_accepted,sampled_rgb_quality_rejected,True,3,0,0,75,72,3,0,False,False,False,False
MGRS-49PDM,"[""nansha""]",3,"[""2025-03-14"",""2025-05-05"",""2025-09-10""]",32649,"[110.0847339742,9.8611750242,111.0892981652,10.8554812149]",10,20,sampled_accepted,sampled_rgb_nonzero_scl_accepted,True,3,0,0,75,71,4,0,False,False,False,False
MGRS-49PDN,"[""nansha""]",3,"[""2025-07-12"",""2025-09-10"",""2025-12-04""]",32649,"[110.0818590976,10.76568018,111.0895787008,11.7600440206]",10,20,sampled_accepted,sampled_rgb_nonzero_scl_accepted,True,3,0,0,75,72,3,0,False,False,False,False
MGRS-49PDP,"[""nansha""]",3,"[""2025-07-12"",""2025-09-10"",""2025-12-11""]",32649,"[110.0787372955,11.6701320237,111.0898833323,12.6645495911]",10,20,sampled_accepted,sampled_rgb_nonzero_scl_accepted,True,3,0,0,75,69,6,0,False,False,False,False
MGRS-49PDT,"[""xisha""]",3,"[""2025-03-24"",""2025-04-23"",""2025-12-29""]",32649,"[110.0636992126,15.2862375051,111.091350785,16.280833313]",10,20,sampled_accepted,sampled_rgb_nonzero_scl_accepted,True,3,0,0,75,67,2,6,False,False,False,False
MGRS-49PEK,"[""nansha""]",3,"[""2025-03-11"",""2025-04-12"",""2025-04-25""]",32649,"[110.9998180161,8.0523596011,111.9988573674,9.0467433651]",10,20,sampled_accepted,sampled_rgb_nonzero_scl_accepted,True,3,0,0,75,70,2,3,False,False,False,False
MGRS-49PEL,"[""nansha""]",3,"[""2025-04-12"",""2025-04-25"",""2025-07-29""]",32649,"[110.9998175378,8.9569350373,112.0014821011,9.951408032]",10,20,sampled_accepted,sampled_rgb_nonzero_scl_accepted,True,3,0,0,75,56,1,18,False,False,False,False
MGRS-49PEM,"[""nansha""]",3,"[""2025-03-14"",""2025-03-24"",""2025-04-12""]",32649,"[110.9998170119,9.8609230917,112.0043682056,10.8554812216]",10,20,sampled_accepted,sampled_rgb_nonzero_scl_accepted,True,3,0,0,75,45,3,27,False,False,False,False
MGRS-49PEN,"[""nansha""]",3,"[""2025-03-04"",""2025-03-14"",""2025-03-24""]",32649,"[110.999816437,10.7654046302,112.0075228445,11.7600440278]",10,20,sampled_accepted,sampled_rgb_nonzero_scl_accepted,True,3,0,0,75,63,3,9,False,False,False,False
MGRS-49PEP,"[""nansha""]",3,"[""2025-03-04"",""2025-03-29"",""2025-12-04""]",32649,"[110.9998158128,11.6698327211,112.0109484368,12.6645495989]",10,20,sampled_accepted,sampled_rgb_nonzero_scl_accepted,True,3,0,0,75,73,2,0,False,False,False,False
MGRS-49PET,"[""xisha""]",4,"[""2025-01-23"",""2025-03-14"",""2025-04-23"",""2025-12-31""]",32649,"[110.9998128057,15.2858416073,112.0274498953,16.2808333231]",10,20,sampled_accepted,sampled_rgb_nonzero_scl_accepted,True,4,0,0,100,96,4,0,False,False,False,False
MGRS-49PFK,"[""nansha""]",3,"[""2025-03-11"",""2025-04-12"",""2025-10-02""]",32649,"[111.9075276323,8.0491532706,112.9086468529,9.0456141402]",10,20,sampled_accepted,sampled_rgb_nonzero_scl_accepted,True,3,0,0,75,73,2,0,False,False,False,False
MGRS-49PFL,"[""nansha""]",3,"[""2025-03-01"",""2025-04-12"",""2025-10-02""]",32649,"[111.909658943,8.953363108,112.9136595691,9.950163774]",10,20,sampled_accepted,sampled_rgb_nonzero_scl_accepted,True,3,0,0,75,73,2,0,True,True,False,False
MGRS-49PFM,"[""nansha""]",3,"[""2025-03-01"",""2025-04-25"",""2025-06-29""]",32649,"[111.9120251846,9.8569840489,112.9191714263,10.8541213912]",10,20,sampled_accepted,sampled_rgb_nonzero_scl_accepted,True,3,0,0,75,74,1,0,False,False,False,False
MGRS-49PFN,"[""nansha""]",3,"[""2025-03-01"",""2025-04-20"",""2025-06-19""]",32649,"[111.9146322091,10.7610963298,112.9251960989,11.7585678865]",10,20,sampled_accepted,sampled_rgb_nonzero_scl_accepted,True,3,0,0,75,71,4,0,False,False,False,False
MGRS-49PFP,"[""nansha""]",3,"[""2025-03-06"",""2025-04-20"",""2025-04-25""]",32649,"[111.9174820065,11.6651530453,112.9317381983,12.662956415]",10,20,sampled_accepted,sampled_rgb_nonzero_scl_accepted,True,3,0,0,75,72,3,0,False,False,False,False
MGRS-49PFT,"[""xisha""]",3,"[""2025-05-23"",""2025-08-01"",""2025-12-31""]",32649,"[111.9313829666,15.2796516784,112.9632517026,16.2787634972]",10,20,sampled_accepted,sampled_rgb_nonzero_scl_accepted,True,3,0,0,75,71,1,3,False,False,False,False
MGRS-49PGK,"[""nansha""]",3,"[""2025-02-14"",""2025-03-11"",""2025-07-09""]",32649,"[112.8144588429,8.0439482114,113.8173949524,9.0422296813]",10,20,sampled_accepted,sampled_rgb_nonzero_scl_accepted,True,3,0,0,75,68,4,3,False,False,False,False
MGRS-49PGL,"[""nansha""]",3,"[""2025-07-04"",""2025-10-02"",""2025-12-01""]",32649,"[112.8187179201,8.9475645608,113.8247878523,9.9464345482]",10,20,sampled_accepted,sampled_rgb_nonzero_scl_accepted,True,3,0,0,75,69,6,0,True,True,False,False
MGRS-49PGM,"[""nansha""]",3,"[""2025-03-01"",""2025-07-14"",""2025-10-02""]",32649,"[112.8234464508,9.8505895596,113.8329168413,10.8500457838]",10,20,sampled_accepted,sampled_rgb_nonzero_scl_accepted,True,3,0,0,75,72,3,0,False,False,False,False
MGRS-49PGN,"[""nansha""]",3,"[""2025-03-26"",""2025-04-20"",""2025-04-25""]",32649,"[112.8286561235,10.7541024225,113.8418020691,11.7541436852]",10,20,sampled_accepted,sampled_rgb_nonzero_scl_accepted,True,3,0,0,75,72,3,0,False,False,False,False
MGRS-49PGP,"[""nansha""]",3,"[""2025-04-20"",""2025-04-25"",""2025-07-14""]",32649,"[112.8343509084,11.6575562881,113.8514503178,12.6581814291]",10,20,sampled_accepted,sampled_rgb_nonzero_scl_accepted,True,3,0,0,75,66,9,0,False,False,False,False
MGRS-49PGS,"[""zhongsha""]",3,"[""2025-04-20"",""2025-04-25"",""2025-07-14""]",32649,"[112.8544183593,14.3669745574,113.8850965414,15.3693481088]",10,20,sampled_accepted,sampled_rgb_nonzero_scl_accepted,True,3,0,0,75,75,0,0,False,False,False,False
MGRS-49PGT,"[""xisha"",""zhongsha""]",3,"[""2025-04-20"",""2025-04-25"",""2025-07-14""]",32649,"[112.8621289758,15.269603411,113.897925012,16.2725600024]",10,20,sampled_accepted,sampled_rgb_nonzero_scl_accepted,True,3,0,0,75,72,3,0,False,False,False,False
MGRS-49PHK,"[""nansha""]",3,"[""2025-02-16"",""2025-03-13"",""2025-03-28""]",32649,"[113.7214675742,8.0367446481,114.7259570494,9.0365901531]",10,20,sampled_accepted,sampled_rgb_nonzero_scl_accepted,True,3,0,0,75,73,2,0,False,False,False,False
MGRS-49PHL,"[""nansha""]",3,"[""2025-02-06"",""2025-02-16"",""2025-09-09""]",32649,"[113.7278503161,8.9395396659,114.7357221811,9.9402205505]",10,20,sampled_accepted,sampled_rgb_nonzero_scl_accepted,True,3,0,0,75,63,9,3,False,False,False,False
MGRS-49PHM,"[""nansha""]",3,"[""2025-02-16"",""2025-03-03"",""2025-09-09""]",32649,"[113.7349365468,9.841739946,114.7464594905,10.8432546307]",10,20,sampled_accepted,sampled_rgb_nonzero_scl_accepted,True,3,0,0,75,57,0,18,False,False,False,False
MGRS-49PHN,"[""nansha""]",6,"[""2025-02-16"",""2025-03-26"",""2025-03-28"",""2025-04-17"",""2025-05-15"",""2025-12-01""]",32649,"[113.7427437686,10.7444232905,114.7581955617,11.7467716961]",10,20,sampled_accepted,sampled_rgb_nonzero_scl_accepted,True,6,0,0,150,84,10,56,True,True,False,False
MGRS-49PHP,"[""nansha""]",3,"[""2025-02-14"",""2025-04-20"",""2025-05-22""]",32649,"[113.7512779154,11.6470428996,114.7709393173,12.6502249592]",10,20,sampled_accepted,sampled_rgb_nonzero_scl_accepted,True,3,0,0,75,59,4,12,False,False,False,False
MGRS-49PHS,"[""zhongsha""]",3,"[""2025-04-20"",""2025-07-14"",""2025-10-17""]",32649,"[113.7813502511,14.353926004,114.8153792113,15.3596134706]",10,20,sampled_accepted,sampled_rgb_nonzero_scl_accepted,True,3,0,0,75,72,3,0,False,False,False,False
MGRS-49PHT,"[""zhongsha""]",3,"[""2025-03-26"",""2025-04-25"",""2025-10-17""]",32649,"[113.7929048682,15.2556976292,114.832322524,16.2622234061]",10,20,sampled_accepted,sampled_rgb_nonzero_scl_accepted,True,3,0,0,75,74,1,0,False,False,False,False
MGRS-49QBA,"[""main""]",4,"[""2025-01-31"",""2025-03-22"",""2025-06-25"",""2025-11-22""]",32649,"[108.1508837222,17.9794260092,109.2034657858,18.983701492]",10,20,sampled_accepted,sampled_rgb_nonzero_scl_accepted,True,4,0,0,100,91,1,8,True,True,False,False
MGRS-49QBB,"[""main""]",3,"[""2025-01-06"",""2025-01-31"",""2025-03-27""]",32649,"[108.1350924832,18.8823135663,109.1940462547,19.8871534399]",10,20,sampled_accepted,sampled_rgb_nonzero_scl_accepted,True,3,0,0,75,54,0,21,True,True,False,False
MGRS-49QBC,"[""main""]",3,"[""2025-01-04"",""2025-01-19"",""2025-11-15""]",32649,"[108.1184097459,19.7851016774,109.1840761005,20.7905086877]",10,20,sampled_accepted,sampled_rgb_nonzero_scl_accepted,True,3,0,0,75,64,1,10,True,True,False,False
MGRS-49QBV,"[""main""]",3,"[""2025-03-22"",""2025-03-27"",""2025-07-17""]",32649,"[108.165797046,17.0769850334,109.2123426568,18.080698696]",10,20,sampled_accepted,sampled_rgb_nonzero_scl_accepted,True,3,0,0,75,75,0,0,True,True,False,False
MGRS-49QCA,"[""main""]",3,"[""2025-01-06"",""2025-01-11"",""2025-03-22""]",32649,"[109.1002323397,17.9909248204,110.1479862708,18.9905378671]",10,20,sampled_accepted,sampled_rgb_nonzero_scl_accepted,True,3,0,0,75,73,2,0,True,True,False,False
MGRS-49QCB,"[""main""]",4,"[""2025-01-06"",""2025-03-02"",""2025-03-27"",""2025-07-17""]",32649,"[109.0896931401,18.8944312791,110.1435167313,19.894341257]",10,20,sampled_accepted,sampled_rgb_nonzero_scl_accepted,True,4,0,0,100,97,3,0,True,True,False,False
MGRS-49QCC,"[""main""]",3,"[""2025-01-06"",""2025-01-21"",""2025-04-21""]",32649,"[109.078558772,19.7978447286,110.1387858836,20.7980518213]",10,20,sampled_accepted,sampled_rgb_nonzero_scl_accepted,True,3,0,0,75,75,0,0,True,True,False,False
MGRS-49QCV,"[""main""]",3,"[""2025-02-05"",""2025-03-22"",""2025-07-17""]",32649,"[109.1101854642,17.0878713499,110.152198287,18.0871874792]",10,20,sampled_accepted,sampled_rgb_nonzero_scl_accepted,True,3,0,0,75,75,0,0,True,True,False,False
MGRS-49QDA,"[""main""]",4,"[""2025-01-06"",""2025-07-17"",""2025-09-15"",""2025-10-03""]",32649,"[110.0495911039,17.9978266209,111.0927274999,18.9925217355]",10,20,sampled_accepted,sampled_rgb_nonzero_scl_accepted,True,4,0,0,100,88,10,2,True,True,False,False
MGRS-49QDB,"[""main""]",3,"[""2025-01-11"",""2025-01-21"",""2025-03-27""]",32649,"[110.0443156685,18.9017045965,111.0932422968,19.8964271171]",10,20,sampled_accepted,sampled_rgb_nonzero_scl_accepted,True,3,0,0,75,70,5,0,True,True,False,False
MGRS-49QDC,"[""main""]",3,"[""2025-01-06"",""2025-01-11"",""2025-03-27""]",32649,"[110.0387422667,19.8054934333,111.0937861721,20.8002407983]",10,20,sampled_accepted,sampled_rgb_nonzero_scl_accepted,True,3,0,0,75,75,0,0,True,True,False,False
MGRS-49QDU,"[""xisha""]",3,"[""2025-04-23"",""2025-08-01"",""2025-12-29""]",32649,"[110.0592746979,16.1903604167,111.0917825423,17.1849923518]",10,20,sampled_accepted,sampled_rgb_nonzero_scl_accepted,True,3,0,0,75,53,1,21,False,False,False,False
MGRS-49QDV,"[""main"",""xisha""]",6,"[""2025-03-02"",""2025-04-23"",""2025-09-15"",""2025-10-03"",""2025-12-29"",""2025-12-31""]",32649,"[110.0545731328,17.0944054856,111.0922413361,18.089070474]",10,20,sampled_accepted,sampled_rgb_nonzero_scl_accepted,True,6,0,0,150,94,2,54,True,True,False,False
MGRS-49QEA,"[""main""]",3,"[""2025-04-03"",""2025-07-17"",""2025-10-15""]",32649,"[110.9998099845,17.9973561909,112.0429308563,18.9925217474]",10,20,sampled_accepted,sampled_rgb_nonzero_scl_accepted,True,3,0,0,75,75,0,0,True,True,False,False
MGRS-49QEB,"[""main""]",3,"[""2025-03-24"",""2025-04-23"",""2025-07-17""]",32649,"[110.9998089296,18.9012088428,112.0487196347,19.8964271296]",10,20,sampled_accepted,sampled_rgb_nonzero_scl_accepted,True,3,0,0,75,75,0,0,True,True,False,False
MGRS-49QEC,"[""main""]",3,"[""2025-01-03"",""2025-03-24"",""2025-04-23""]",32649,"[110.9998078151,19.8049720918,112.0548353702,20.8002408114]",10,20,sampled_accepted,sampled_rgb_nonzero_scl_accepted,True,3,0,0,75,62,1,12,True,True,False,False
MGRS-49QEU,"[""xisha""]",6,"[""2025-03-04"",""2025-03-24"",""2025-04-23"",""2025-05-18"",""2025-07-17"",""2025-10-15""]",32649,"[110.9998119209,16.1899398918,112.0323049598,17.1849923625]",10,20,sampled_accepted,sampled_rgb_nonzero_scl_accepted,True,6,0,0,150,140,10,0,False,False,False,False
MGRS-49QEV,"[""main"",""xisha""]",3,"[""2025-02-02"",""2025-04-23"",""2025-07-17""]",32649,"[110.9998109808,17.0939601166,112.0374640318,18.0890704853]",10,20,sampled_accepted,sampled_rgb_nonzero_scl_accepted,True,3,0,0,75,70,5,0,True,True,False,False
MGRS-49QFU,"[""xisha""]",5,"[""2025-01-23"",""2025-03-04"",""2025-04-15"",""2025-08-01"",""2025-12-31""]",32649,"[111.9355086281,16.1833649276,112.9725234526,17.1828008442]",10,20,sampled_accepted,sampled_rgb_nonzero_scl_accepted,True,5,0,0,125,116,9,0,True,True,False,False
MGRS-49QFV,"[""xisha""]",3,"[""2025-03-04"",""2025-04-23"",""2025-07-17""]",32649,"[111.9399046264,17.0869967269,112.9823756853,18.0867561311]",10,20,sampled_accepted,sampled_rgb_nonzero_scl_accepted,True,3,0,0,75,75,0,0,False,False,False,False
MGRS-49QGB,"[""targeted-offshore""]",1,"[""2025-03-24""]",32649,"[112.8983889087,18.8808753892,113.9578241594,19.8861798582]",10,20,sampled_accepted,sampled_rgb_nonzero_scl_accepted,True,1,0,0,25,22,0,3,False,False,False,False
MGRS-49QGU,"[""xisha"",""zhongsha""]",3,"[""2025-03-26"",""2025-04-15"",""2025-05-02""]",32649,"[112.8703730936,16.1726916738,113.9115981791,17.1762326403]",10,20,sampled_accepted,sampled_rgb_nonzero_scl_accepted,True,3,0,0,75,74,1,0,False,False,False,False
MGRS-49QGV,"[""xisha""]",3,"[""2025-03-01"",""2025-03-26"",""2025-04-12""]",32649,"[112.8791573488,17.0756929934,113.9261271945,18.0798197936]",10,20,sampled_accepted,sampled_rgb_nonzero_scl_accepted,True,3,0,0,75,63,0,12,False,False,False,False
MGRS-49QHB,"[""targeted-offshore""]",1,"[""2025-10-09""]",32649,"[113.8472398916,18.8634632701,114.911431016,19.8733773434]",10,20,sampled_accepted,sampled_rgb_nonzero_scl_accepted,True,1,0,0,25,25,0,0,False,False,False,False
MGRS-49QHU,"[""zhongsha""]",3,"[""2025-01-25"",""2025-03-26"",""2025-04-25""]",32649,"[113.8052588154,16.1579210789,114.8503811606,17.1652883998]",10,20,sampled_accepted,sampled_rgb_nonzero_scl_accepted,True,3,0,0,75,74,1,0,False,False,False,False
MGRS-50NKJ,"[""nansha""]",3,"[""2025-03-13"",""2025-07-01"",""2025-07-26""]",32650,"[114.299455624,2.6227668815,115.2890128999,3.617435021]",10,20,sampled_accepted,sampled_rgb_nonzero_scl_accepted,True,3,0,0,75,52,6,17,False,False,False,False
MGRS-50NKK,"[""nansha""]",3,"[""2025-03-13"",""2025-09-09"",""2025-11-08""]",32650,"[114.2964427517,3.526642275,115.2875697003,4.5218940588]",10,20,sampled_accepted,sampled_rgb_nonzero_scl_accepted,True,3,0,0,75,52,23,0,False,False,False,False
MGRS-50NKL,"[""nansha""]",3,"[""2025-06-16"",""2025-09-09"",""2025-10-16""]",32650,"[114.2927551125,4.4299559609,115.2857004866,5.4257870188]",10,20,sampled_accepted,sampled_rgb_nonzero_scl_accepted,True,3,0,0,75,63,12,0,False,False,False,False
MGRS-50NKM,"[""nansha""]",3,"[""2025-07-31"",""2025-10-14"",""2025-10-16""]",32650,"[114.2883837051,5.3337873775,115.2834006997,6.3301943483]",10,20,sampled_accepted,sampled_rgb_nonzero_scl_accepted,True,3,0,0,75,65,10,0,False,False,False,False
MGRS-50NKN,"[""nansha""]",3,"[""2025-07-31"",""2025-09-29"",""2025-10-16""]",32650,"[114.2833250981,6.237589357,115.280668477,7.2345688513]",10,20,sampled_accepted,sampled_rgb_nonzero_scl_accepted,True,3,0,0,75,72,3,0,False,False,False,False
MGRS-50NKP,"[""nansha""]",3,"[""2025-02-16"",""2025-03-28"",""2025-07-31""]",32650,"[114.2775766286,7.1408148232,115.2775024452,8.13836344]",10,20,sampled_accepted,sampled_rgb_nonzero_scl_accepted,True,3,0,0,75,74,1,0,False,False,False,False
MGRS-50NLJ,"[""nansha""]",3,"[""2025-06-13"",""2025-06-23"",""2025-07-23""]",32650,"[115.1993826817,2.62439197,116.1885765099,3.6186930634]",10,20,sampled_accepted,sampled_rgb_nonzero_scl_accepted,True,3,0,0,75,60,15,0,False,False,False,False
MGRS-50NLK,"[""nansha""]",3,"[""2025-06-13"",""2025-07-23"",""2025-11-30""]",32650,"[115.1973721598,3.5288285993,116.1878917669,4.5234677789]",10,20,sampled_accepted,sampled_rgb_nonzero_scl_accepted,True,3,0,0,75,51,24,0,False,False,False,False
MGRS-50NLL,"[""nansha""]",3,"[""2025-07-05"",""2025-07-13"",""2025-07-23""]",32650,"[115.1949113511,4.432704221,116.1870048952,5.4276769768]",10,20,sampled_accepted,sampled_rgb_nonzero_scl_accepted,True,3,0,0,75,62,7,6,False,False,False,False
MGRS-50NLM,"[""nansha""]",3,"[""2025-07-13"",""2025-07-23"",""2025-10-13""]",32650,"[115.1919942443,5.337099218,116.1859137309,6.3324016371]",10,20,sampled_accepted,sampled_rgb_nonzero_scl_accepted,True,3,0,0,75,53,1,21,False,False,False,False
MGRS-50NLN,"[""nansha""]",3,"[""2025-03-13"",""2025-06-28"",""2025-07-31""]",32650,"[115.1886185443,6.241466358,116.1846173891,7.2370945299]",10,20,sampled_accepted,sampled_rgb_nonzero_scl_accepted,True,3,0,0,75,52,2,21,False,False,False,False
MGRS-50NLP,"[""nansha""]",3,"[""2025-03-13"",""2025-06-28"",""2025-07-31""]",32650,"[115.1847824674,7.1452585001,116.1831152168,8.1412085325]",10,20,sampled_accepted,sampled_rgb_nonzero_scl_accepted,True,3,0,0,75,66,3,6,False,False,False,False
MGRS-50NMJ,"[""nansha""]",3,"[""2025-08-02"",""2025-08-27"",""2025-10-21""]",32650,"[116.0992188481,2.6253673303,117.0878847123,3.6190581295]",10,20,sampled_accepted,sampled_rgb_nonzero_scl_accepted,True,3,0,0,75,51,24,0,False,False,False,False
MGRS-50NMK,"[""nansha""]",3,"[""2025-07-03"",""2025-08-27"",""2025-10-31""]",32650,"[116.0982125621,3.5301408083,117.0879829066,4.5239244505]",10,20,sampled_accepted,sampled_rgb_nonzero_scl_accepted,True,3,0,0,75,46,20,9,False,False,False,False
MGRS-50NML,"[""nansha""]",3,"[""2025-06-28"",""2025-07-03"",""2025-07-23""]",32650,"[116.0969809008,4.4343536997,117.0881030934,5.4282254165]",10,20,sampled_accepted,sampled_rgb_nonzero_scl_accepted,True,3,0,0,75,62,13,0,False,False,False,False
MGRS-50NMM,"[""nansha""]",3,"[""2025-06-13"",""2025-06-28"",""2025-07-23""]",32650,"[116.0955208542,5.3390869547,117.0882455663,6.3330421623]",10,20,sampled_accepted,sampled_rgb_nonzero_scl_accepted,True,3,0,0,75,58,17,0,False,False,False,False
MGRS-50NMN,"[""nansha""]",3,"[""2025-06-28"",""2025-07-13"",""2025-11-02""]",32650,"[116.0938312717,6.2437933025,117.0884104377,7.237827448]",10,20,sampled_accepted,sampled_rgb_nonzero_scl_accepted,True,3,0,0,75,71,4,0,False,False,False,False
MGRS-50NMP,"[""nansha""]",3,"[""2025-05-26"",""2025-06-28"",""2025-08-02""]",32650,"[116.0919112589,7.1479255636,117.088597795,8.142034141]",10,20,sampled_accepted,sampled_rgb_nonzero_scl_accepted,True,3,0,0,75,64,11,0,False,False,False,False
MGRS-50NNJ,"[""nansha""]",3,"[""2025-07-30"",""2025-08-29"",""2025-11-02""]",32650,"[116.9998199083,2.6253008504,117.9884737519,3.6190581317]",10,20,sampled_accepted,sampled_rgb_nonzero_scl_accepted,True,3,0,0,75,37,7,31,False,False,False,False
MGRS-50NNK,"[""nansha""]",3,"[""2025-05-26"",""2025-06-28"",""2025-08-27""]",32650,"[116.9998197071,3.530051369,117.9895779644,4.5239244532]",10,20,sampled_accepted,sampled_rgb_nonzero_scl_accepted,True,3,0,0,75,48,13,14,False,False,False,False
MGRS-50NNL,"[""nansha""]",3,"[""2025-06-28"",""2025-07-03"",""2025-07-28""]",32650,"[116.9998194608,4.4342412724,117.9909294844,5.4282254197]",10,20,sampled_accepted,sampled_rgb_nonzero_scl_accepted,True,3,0,0,75,61,14,0,False,False,False,False
MGRS-50NNM,"[""nansha""]",3,"[""2025-07-13"",""2025-07-23"",""2025-07-28""]",32650,"[116.9998191688,5.3389514718,117.9925316146,6.3330421661]",10,20,sampled_accepted,sampled_rgb_nonzero_scl_accepted,True,3,0,0,75,72,3,0,False,False,False,False
MGRS-50NNN,"[""nansha""]",3,"[""2025-06-28"",""2025-07-13"",""2025-11-02""]",32650,"[116.999818831,6.2436346993,117.9943856175,7.2378274524]",10,20,sampled_accepted,sampled_rgb_nonzero_scl_accepted,True,3,0,0,75,65,10,0,False,False,False,False
MGRS-50NNP,"[""nansha""]",3,"[""2025-03-05"",""2025-07-28"",""2025-10-16""]",32650,"[116.9998184471,7.147743778,117.9964924745,8.142034146]",10,20,sampled_accepted,sampled_rgb_nonzero_scl_accepted,True,3,0,0,75,72,3,0,False,False,False,False
MGRS-50NPJ,"[""nansha""]",3,"[""2025-06-10"",""2025-07-30"",""2025-11-02""]",32650,"[117.8995756336,2.6242614112,118.8888160183,3.6186094351]",10,20,sampled_accepted,sampled_rgb_nonzero_scl_accepted,True,3,0,0,75,72,3,0,False,False,False,False
MGRS-50NPK,"[""nansha""]",3,"[""2025-01-06"",""2025-10-13"",""2025-11-02""]",32650,"[117.900334743,3.5286529511,118.890924881,4.523363166]",10,20,sampled_accepted,sampled_rgb_nonzero_scl_accepted,True,3,0,0,75,69,6,0,False,False,False,False
MGRS-50NPL,"[""nansha""]",3,"[""2025-01-06"",""2025-10-13"",""2025-11-02""]",32650,"[117.9013179332,4.432483427,118.8935060547,5.4275513419]",10,20,sampled_accepted,sampled_rgb_nonzero_scl_accepted,True,3,0,0,75,61,14,0,False,False,False,False
MGRS-50NPM,"[""nansha""]",3,"[""2025-07-23"",""2025-10-03"",""2025-11-02""]",32650,"[117.902527603,5.336833146,118.8965658442,6.3322549076]",10,20,sampled_accepted,sampled_rgb_nonzero_scl_accepted,True,3,0,0,75,43,8,24,False,False,False,False
MGRS-50NPN,"[""nansha""]",3,"[""2025-03-15"",""2025-06-28"",""2025-07-13""]",32650,"[117.9039647334,6.241154881,118.9001066569,7.2369266353]",10,20,sampled_accepted,sampled_rgb_zero,True,3,0,0,75,34,4,37,False,False,False,False
MGRS-50NPP,"[""nansha""]",3,"[""2025-05-09"",""2025-07-28"",""2025-10-16""]",32650,"[117.9056300481,7.1449014961,118.9041303627,8.1410194048]",10,20,sampled_accepted,sampled_rgb_nonzero_scl_accepted,True,3,0,0,75,47,7,21,False,False,False,False
MGRS-50PKB,"[""zhongsha""]",3,"[""2025-03-11"",""2025-07-14"",""2025-10-17""]",32650,"[114.2055429088,14.3680522943,115.2358786269,15.3700883773]",10,20,sampled_accepted,sampled_rgb_nonzero_scl_accepted,True,3,0,0,75,69,6,0,False,False,False,False
MGRS-50PKC,"[""zhongsha""]",3,"[""2025-03-26"",""2025-05-20"",""2025-10-17""]",32650,"[114.1931161545,15.2707519549,115.2285429727,16.2733460491]",10,20,sampled_accepted,sampled_rgb_nonzero_scl_accepted,True,3,0,0,75,74,1,0,False,False,False,False
MGRS-50PKQ,"[""nansha""]",3,"[""2025-02-16"",""2025-03-13"",""2025-03-28""]",32650,"[114.2711241757,8.0445431725,115.2738948411,9.0426585311]",10,20,sampled_accepted,sampled_rgb_nonzero_scl_accepted,True,3,0,0,75,70,5,0,False,False,False,False
MGRS-50PKR,"[""nansha""]",3,"[""2025-02-06"",""2025-08-10"",""2025-09-09""]",32650,"[114.2639628345,8.9482273593,115.2698428981,9.9469070835]",10,20,sampled_accepted,sampled_rgb_nonzero_scl_accepted,True,3,0,0,75,72,3,0,False,False,False,False
MGRS-50PKS,"[""nansha""]",3,"[""2025-03-03"",""2025-05-12"",""2025-09-09""]",32650,"[114.2560884534,9.8513204758,115.2653443306,10.8505622091]",10,20,sampled_accepted,sampled_rgb_nonzero_scl_accepted,True,3,0,0,75,74,1,0,False,False,False,False
MGRS-50PKT,"[""nansha""]",3,"[""2025-02-16"",""2025-03-28"",""2025-05-12""]",32650,"[114.2474815117,10.7549018533,115.2603880179,11.7547042808]",10,20,sampled_accepted,sampled_rgb_nonzero_scl_accepted,True,3,0,0,75,72,3,0,False,False,False,False
MGRS-50PKU,"[""nansha""]",3,"[""2025-03-28"",""2025-05-12"",""2025-09-09""]",32650,"[114.2381354378,11.6584246255,115.2549701822,12.6587864723]",10,20,sampled_accepted,sampled_rgb_nonzero_scl_accepted,True,3,0,0,75,63,3,9,False,False,False,False
MGRS-50PLB,"[""zhongsha""]",3,"[""2025-01-07"",""2025-05-22"",""2025-06-16""]",32650,"[115.1367110856,14.3771328743,116.1633657958,15.3755536177]",10,20,sampled_accepted,sampled_rgb_nonzero_scl_accepted,True,3,0,0,75,74,1,0,False,False,False,False
MGRS-50PLC,"[""zhongsha""]",3,"[""2025-04-12"",""2025-06-16"",""2025-10-14""]",32650,"[115.1284178176,15.280429155,116.1598851478,16.2791492706]",10,20,sampled_accepted,sampled_rgb_nonzero_scl_accepted,True,3,0,0,75,72,0,3,False,False,False,False
MGRS-50PLQ,"[""nansha""]",3,"[""2025-03-03"",""2025-03-13"",""2025-12-03""]",32650,"[115.1804765831,8.0495560005,116.181403529,9.0458246053]",10,20,sampled_accepted,sampled_rgb_nonzero_scl_accepted,True,3,0,0,75,70,5,0,False,False,False,False
MGRS-50PLR,"[""nansha""]",3,"[""2025-03-13"",""2025-08-10"",""2025-12-03""]",32650,"[115.1756976098,8.9538117585,116.1794810112,9.950395679]",10,20,sampled_accepted,sampled_rgb_nonzero_scl_accepted,True,3,0,0,75,69,6,0,False,False,False,False
MGRS-50PLS,"[""nansha""]",3,"[""2025-02-06"",""2025-03-03"",""2025-05-12""]",32650,"[115.1704427673,9.85747881,116.177346577,10.8543748365]",10,20,sampled_accepted,sampled_rgb_nonzero_scl_accepted,True,3,0,0,75,72,3,0,False,False,False,False
MGRS-50PLT,"[""nansha""]",3,"[""2025-03-13"",""2025-05-12"",""2025-09-09""]",32650,"[115.1646990183,10.7616374707,116.1749949473,11.7588430098]",10,20,sampled_accepted,sampled_rgb_nonzero_scl_accepted,True,3,0,0,75,74,1,0,False,False,False,False
MGRS-50PLU,"[""nansha""]",3,"[""2025-03-28"",""2025-05-12"",""2025-08-25""]",32650,"[115.1584619653,11.665740832,116.1724243271,12.6632533526]",10,20,sampled_accepted,sampled_rgb_nonzero_scl_accepted,True,3,0,0,75,71,4,0,False,False,False,False
MGRS-50PMB,"[""zhongsha""]",3,"[""2025-02-01"",""2025-02-06"",""2025-04-27""]",32650,"[116.067850304,14.382583104,117.0909457102,15.3771395777]",10,20,sampled_accepted,sampled_rgb_nonzero_scl_accepted,True,3,0,0,75,75,0,0,False,False,False,False
MGRS-50PMC,"[""zhongsha""]",3,"[""2025-03-03"",""2025-06-16"",""2025-10-14""]",32650,"[116.0636992126,15.2862375051,117.091350785,16.280833313]",10,20,sampled_accepted,sampled_rgb_nonzero_scl_accepted,True,3,0,0,75,74,1,0,False,False,False,False
MGRS-50PMQ,"[""nansha""]",3,"[""2025-03-15"",""2025-05-26"",""2025-10-13""]",32650,"[116.0897560933,8.0525646706,117.088808099,9.0467433596]",10,20,sampled_accepted,sampled_rgb_nonzero_scl_accepted,True,3,0,0,75,65,10,0,False,False,False,False
MGRS-50PMR,"[""nansha""]",3,"[""2025-03-15"",""2025-05-14"",""2025-08-02""]",32650,"[116.0873641298,8.9571634899,117.0890415104,9.9514080259]",10,20,sampled_accepted,sampled_rgb_nonzero_scl_accepted,True,3,0,0,75,53,7,15,False,False,False,False
MGRS-50PMS,"[""nansha""]",3,"[""2025-03-15"",""2025-05-14"",""2025-08-10""]",32650,"[116.0847339742,9.8611750242,117.0892981652,10.8554812149]",10,20,sampled_accepted,sampled_rgb_nonzero_scl_accepted,True,3,0,0,75,43,3,29,False,False,False,False
MGRS-50PMT,"[""nansha""]",3,"[""2025-03-03"",""2025-03-13"",""2025-08-05""]",32650,"[116.0818590976,10.76568018,117.0895787008,11.7600440206]",10,20,sampled_accepted,sampled_rgb_nonzero_scl_accepted,True,3,0,0,75,60,3,12,False,False,False,False
MGRS-50PMU,"[""nansha""]",3,"[""2025-03-13"",""2025-06-16"",""2025-08-05""]",32650,"[116.0787372955,11.6701320237,117.0898833323,12.6645495911]",10,20,sampled_accepted,sampled_rgb_nonzero_scl_accepted,True,3,0,0,75,59,6,10,False,False,False,False
MGRS-50PNB,"[""zhongsha""]",6,"[""2025-02-06"",""2025-03-13"",""2025-04-16"",""2025-04-19"",""2025-04-24"",""2025-06-16""]",32650,"[116.9998136358,14.3822116162,118.0228948586,15.3771395872]",10,20,sampled_accepted,sampled_rgb_nonzero_scl_accepted,True,6,0,0,150,92,1,57,True,True,False,False
MGRS-50PNC,"[""zhongsha""]",3,"[""2025-02-01"",""2025-03-13"",""2025-10-14""]",32650,"[116.9998128057,15.2858416073,118.0274498953,16.2808333231]",10,20,sampled_accepted,sampled_rgb_nonzero_scl_accepted,True,3,0,0,75,72,0,3,False,False,False,False
MGRS-50PNQ,"[""nansha""]",3,"[""2025-03-05"",""2025-03-15"",""2025-05-26""]",32650,"[116.9998180161,8.0523596011,117.9988573674,9.0467433651]",10,20,sampled_accepted,sampled_rgb_nonzero_scl_accepted,True,3,0,0,75,64,11,0,False,False,False,False
MGRS-50PNR,"[""nansha""]",3,"[""2025-02-03"",""2025-03-15"",""2025-10-16""]",32650,"[116.9998175378,8.9569350373,118.0014821011,9.951408032]",10,20,sampled_accepted,sampled_rgb_nonzero_scl_accepted,True,3,0,0,75,70,5,0,False,False,False,False
MGRS-50PNS,"[""nansha""]",3,"[""2025-02-03"",""2025-03-15"",""2025-05-14""]",32650,"[116.9998170119,9.8609230917,118.0043682056,10.8554812216]",10,20,sampled_accepted,sampled_rgb_nonzero_scl_accepted,True,3,0,0,75,75,0,0,False,False,False,False
MGRS-50PNT,"[""nansha""]",3,"[""2025-03-05"",""2025-05-14"",""2025-10-13""]",32650,"[116.999816437,10.7654046302,118.0075228445,11.7600440278]",10,20,sampled_accepted,sampled_rgb_nonzero_scl_accepted,True,3,0,0,75,68,7,0,False,False,False,False
MGRS-50PNU,"[""nansha""]",3,"[""2025-03-05"",""2025-05-14"",""2025-10-13""]",32650,"[116.9998158128,11.6698327211,118.0109484368,12.6645495989]",10,20,sampled_accepted,sampled_rgb_nonzero_scl_accepted,True,3,0,0,75,71,4,0,False,False,False,False
MGRS-50PPB,"[""zhongsha""]",3,"[""2025-02-28"",""2025-04-16"",""2025-04-19""]",32650,"[117.9275243151,14.3764033327,118.9545528499,15.3751903123]",10,20,sampled_accepted,sampled_rgb_nonzero_scl_accepted,True,3,0,0,75,73,2,0,False,False,False,False
MGRS-50PPC,"[""zhongsha""]",3,"[""2025-03-25"",""2025-04-14"",""2025-05-14""]",32650,"[117.9313829666,15.2796516784,118.9632517026,16.2787634972]",10,20,sampled_accepted,sampled_rgb_nonzero_scl_accepted,True,3,0,0,75,75,0,0,False,False,False,False
MGRS-50PPQ,"[""nansha""]",3,"[""2025-06-13"",""2025-10-16"",""2025-11-30""]",32650,"[117.9075276323,8.0491532706,118.9086468529,9.0456141402]",10,20,sampled_accepted,sampled_rgb_nonzero_scl_accepted,True,3,0,0,75,63,5,7,False,False,False,False
MGRS-50PPR,"[""nansha""]",3,"[""2025-02-03"",""2025-06-28"",""2025-07-28""]",32650,"[117.909658943,8.953363108,118.9136595691,9.950163774]",10,20,sampled_accepted,sampled_rgb_nonzero_scl_accepted,True,3,0,0,75,59,3,13,False,False,False,False
MGRS-50PPS,"[""nansha""]",3,"[""2025-03-25"",""2025-10-13"",""2025-11-22""]",32650,"[117.9120251846,9.8569840489,118.9191714263,10.8541213912]",10,20,sampled_accepted,sampled_rgb_nonzero_scl_accepted,True,3,0,0,75,65,10,0,False,False,False,False
MGRS-50PPT,"[""nansha""]",3,"[""2025-03-05"",""2025-05-14"",""2025-10-13""]",32650,"[117.9146322091,10.7610963298,118.9251960989,11.7585678865]",10,20,sampled_accepted,sampled_rgb_nonzero_scl_accepted,True,3,0,0,75,68,7,0,False,False,False,False
MGRS-50PPU,"[""nansha""]",3,"[""2025-03-25"",""2025-05-14"",""2025-10-13""]",32650,"[117.9174820065,11.6651530453,118.9317381983,12.662956415]",10,20,sampled_accepted,sampled_rgb_nonzero_scl_accepted,True,3,0,0,75,71,4,0,False,False,False,False
MGRS-50QKD,"[""zhongsha""]",3,"[""2025-01-25"",""2025-03-01"",""2025-03-26""]",32650,"[114.1798711357,16.1739116521,115.2206997543,17.177064898]",10,20,sampled_accepted,sampled_rgb_nonzero_scl_accepted,True,3,0,0,75,73,2,0,False,False,False,False
MGRS-50QLD,"[""zhongsha""]",3,"[""2025-03-28"",""2025-05-19"",""2025-06-16""]",32650,"[115.1195783549,16.1841907646,116.1561636453,17.1832092985]",10,20,sampled_accepted,sampled_rgb_nonzero_scl_accepted,True,3,0,0,75,57,0,18,False,False,False,False
MGRS-50QMD,"[""zhongsha""]",3,"[""2025-05-19"",""2025-06-16"",""2025-10-14""]",32650,"[116.0592746979,16.1903604167,117.0917825423,17.1849923518]",10,20,sampled_accepted,sampled_rgb_nonzero_scl_accepted,True,3,0,0,75,74,1,0,False,False,False,False
MGRS-50QND,"[""zhongsha""]",3,"[""2025-02-06"",""2025-03-13"",""2025-09-29""]",32650,"[116.9998119209,16.1899398918,118.0323049598,17.1849923625]",10,20,sampled_accepted,sampled_rgb_nonzero_scl_accepted,True,3,0,0,75,74,1,0,False,False,False,False
MGRS-50QPD,"[""zhongsha""]",3,"[""2025-02-28"",""2025-03-25"",""2025-04-16""]",32650,"[117.9355086281,16.1833649276,118.9725234526,17.1828008442]",10,20,sampled_accepted,sampled_rgb_nonzero_scl_accepted,True,3,0,0,75,75,0,0,False,False,False,False
