id,name_zh,name_en,group,kind,bounds_wsen,dates,width,height,nominal_rgb_m,nominal_scl_m,display_pixel_m_at_center,total_bbox_pixels,accepted_pixels,observed_but_rejected_pixels,no_source_observation_pixels,transparent_pixels,opaque_pixels,partial_alpha_pixels,verification_status,suitable_for_island_level_conclusion,island_conclusion_limit
danzhou,儋州样窗,Danzhou sample,main,main-island-sample,"[109.4,19.43,109.7,19.64]","[""2025-01-06"",""2025-03-02"",""2025-03-27""]",1574,1169,10,20,"[19.995959054254385,19.997604790419242]",1840006,1839754,252,0,252,1839754,0,passed,False,No authoritative island polygon or complete island inventory is applied. Named samples establish display-window evidence only; small features and haze remain uncertain.
haikou,海口样窗,Haikou sample,main,main-island-sample,"[110.22,19.94,110.44,20.1]","[""2025-01-06"",""2025-01-11"",""2025-03-27""]",1151,891,10,20,"[19.99176621128327,19.99012345679014]",1025541,1025491,50,0,50,1025491,0,passed,False,No authoritative island polygon or complete island inventory is applied. Named samples establish display-window evidence only; small features and haze remain uncertain.
huangyan,黄岩岛地理样窗,Huangyan / Scarborough Shoal geographic sample,zhongsha,reef-sample,"[117.68,15.02,117.91,15.27]","[""2025-02-06"",""2025-03-13"",""2025-04-16"",""2025-04-19"",""2025-06-16""]",1236,1392,10,20,"[19.995411762051777,19.992816091954023]",1720512,1720512,0,0,0,1720512,0,passed,False,No authoritative island polygon or complete island inventory is applied. Named samples establish display-window evidence only; small features and haze remain uncertain.
main,海南岛与近岸,Hainan Island and nearshore,main,main-island-and-nearshore-overview,"[108.5,17.8,111.5,20.5]","[""2025-01-03"",""2025-01-04"",""2025-01-06"",""2025-01-11"",""2025-01-19"",""2025-01-21"",""2025-01-24"",""2025-01-31"",""2025-02-02"",""2025-03-02"",""2025-03-22"",""2025-03-24"",""2025-03-25"",""2025-03-27"",""2025-04-03"",""2025-04-21"",""2025-04-23"",""2025-06-25"",""2025-07-17"",""2025-09-15"",""2025-10-03"",""2025-10-16"",""2025-11-15"",""2025-11-22"",""2025-12-20""]",2200,1980,10,20,"[143.39984353639088,151.79999999999995]",4356000,4284698,20491,50811,71302,4284698,0,passed,False,No authoritative island polygon or complete island inventory is applied. Named samples establish display-window evidence only; small features and haze remain uncertain.
sanya,三亚样窗,Sanya sample,main,main-island-sample,"[109.38,18.18,109.61,18.38]","[""2025-01-06"",""2025-01-11"",""2025-03-22""]",1216,1114,10,20,"[19.993022151658444,19.985637342908365]",1354624,1354447,177,0,177,1354447,0,passed,False,No authoritative island polygon or complete island inventory is applied. Named samples establish display-window evidence only; small features and haze remain uncertain.
wenchang,文昌样窗,Wenchang sample,main,main-island-sample,"[110.65,19.51,110.88,19.72]","[""2025-01-11"",""2025-01-21"",""2025-03-27""]",1206,1169,10,20,"[19.998186432398846,19.997604790418904]",1409814,1409536,278,0,278,1409536,0,passed,False,No authoritative island polygon or complete island inventory is applied. Named samples establish display-window evidence only; small features and haze remain uncertain.
wuzhishan,五指山样窗,Wuzhishan sample,main,main-island-sample,"[109.42,18.7,109.67,18.9]","[""2025-01-06"",""2025-01-11"",""2025-03-22"",""2025-03-27""]",1318,1114,10,20,"[19.98880797345966,19.985637342908365]",1468252,1468185,67,0,67,1468185,0,passed,False,No authoritative island polygon or complete island inventory is applied. Named samples establish display-window evidence only; small features and haze remain uncertain.
xidao,西岛近岸样窗,Xidao nearshore sample,main,nearshore-sample,"[109.35,18.215,109.395,18.26]","[""2025-01-06"",""2025-01-11""]",476,501,10,20,"[9.995304496889386,9.99880239520996]",238476,238476,0,0,0,238476,0,passed,False,No authoritative island polygon or complete island inventory is applied. Named samples establish display-window evidence only; small features and haze remain uncertain.
yongshu,永暑礁样窗,Yongshu / Fiery Cross Reef sample,nansha,island-sample,"[112.89,9.49,113.03,9.66]","[""2025-04-12"",""2025-07-04"",""2025-10-02"",""2025-12-01""]",1537,1893,10,20,"[9.998492926813089,9.997041732699415]",2909541,2905219,4322,0,4322,2905219,0,passed,False,No authoritative island polygon or complete island inventory is applied. Named samples establish display-window evidence only; small features and haze remain uncertain.
yongxing,永兴岛样窗,Yongxing / Woody Island sample,xisha,island-sample,"[112.3,16.79,112.38,16.87]","[""2025-01-23"",""2025-04-15"",""2025-12-31""]",853,891,10,20,"[9.99314842268977,9.995061728395292]",760023,756454,3569,0,3569,756454,0,passed,False,No authoritative island polygon or complete island inventory is applied. Named samples establish display-window evidence only; small features and haze remain uncertain.
zhubi,渚碧礁样窗,Zhubi / Subi Reef sample,nansha,island-sample,"[114.03,10.875,114.12,10.955]","[""2025-03-26"",""2025-03-28"",""2025-04-17"",""2025-05-15"",""2025-12-01""]",984,891,10,20,"[9.99751182135888,9.99506172839507]",876744,862687,14057,0,14057,862687,0,passed,False,No authoritative island polygon or complete island inventory is applied. Named samples establish display-window evidence only; small features and haze remain uncertain.
