osm_type,osm_id,name,name_zh,name_en,source_place,source_natural,osm_version,osm_timestamp,source_url,geometry_valid,valid_geometry,bbox_wgs84,bbox,representative_point,representative_lon,representative_lat,representative_point_method,source_date,administrative_membership
relation,2445882,七洲列岛,七洲列岛,,island,,3,2021-02-12T14:24:26Z,https://www.openstreetmap.org/relation/2445882,True,True,"[111.1968783, 19.8836049, 111.2735051, 19.9866988]","[111.1968783, 19.8836049, 111.2735051, 19.9866988]","[111.20019091541022, 19.90955445]",111.20019091541022,19.90955445,"OGR PointOnSurface of valid source polygon (display/sample locator, not administrative centre)",2026-10-03,not asserted
relation,4094778,海南岛,海南岛,Hainan Island,island,,145,2026-08-27T20:44:48Z,https://www.openstreetmap.org/relation/4094778,True,True,"[108.6126696, 18.1591969, 111.0423311, 20.1625138]","[108.6126696, 18.1591969, 111.0423311, 20.1625138]","[109.62893206281255, 19.160385849999997]",109.62893206281255,19.160385849999997,"OGR PointOnSurface of valid source polygon (display/sample locator, not administrative centre)",2026-10-03,not asserted
relation,4812933,东岛,东岛,Lincoln Island,island,,22,2025-07-28T15:41:26Z,https://www.openstreetmap.org/relation/4812933,True,True,"[112.7205003, 16.658575, 112.7403636, 16.6760121]","[112.7205003, 16.658575, 112.7403636, 16.6760121]","[112.72903211262533, 16.6673367]",112.72903211262533,16.6673367,"OGR PointOnSurface of valid source polygon (display/sample locator, not administrative centre)",2026-10-03,not asserted
relation,7250845,琛航岛,琛航岛,Duncan Island,islet,,11,2024-10-10T15:43:17Z,https://www.openstreetmap.org/relation/7250845,True,True,"[111.7053996, 16.4471748, 111.7153683, 16.4554727]","[111.7053996, 16.4471748, 111.7153683, 16.4554727]","[111.71146060989604, 16.451544749999996]",111.71146060989604,16.451544749999996,"OGR PointOnSurface of valid source polygon (display/sample locator, not administrative centre)",2026-10-03,not asserted
relation,7250846,广金岛,广金岛,,islet,,13,2025-07-28T15:41:26Z,https://www.openstreetmap.org/relation/7250846,True,True,"[111.6991103, 16.4499083, 111.7035415, 16.4541988]","[111.6991103, 16.4499083, 111.7035415, 16.4541988]","[111.70114781494709, 16.452134]",111.70114781494709,16.452134,"OGR PointOnSurface of valid source polygon (display/sample locator, not administrative centre)",2026-10-03,not asserted
relation,7434587,永兴岛,永兴岛,Woody Island,island,,35,2024-10-10T15:43:17Z,https://www.openstreetmap.org/relation/7434587,True,True,"[112.3261184, 16.8235768, 112.3555845, 16.844638]","[112.3261184, 16.8235768, 112.3555845, 16.844638]","[112.33926056448664, 16.83414625]",112.33926056448664,16.83414625,"OGR PointOnSurface of valid source polygon (display/sample locator, not administrative centre)",2026-10-03,not asserted
relation,7434588,石岛,石岛,Rocky Island,islet,,12,2025-07-28T15:41:26Z,https://www.openstreetmap.org/relation/7434588,True,True,"[112.3458936, 16.8425773, 112.3488763, 16.8468621]","[112.3458936, 16.8425773, 112.3488763, 16.8468621]","[112.3474740146398, 16.84472165]",112.3474740146398,16.84472165,"OGR PointOnSurface of valid source polygon (display/sample locator, not administrative centre)",2026-10-03,not asserted
relation,9443828,东瑁洲,东瑁洲,Dong Island,island,,1,2019-03-30T00:57:50Z,https://www.openstreetmap.org/relation/9443828,True,True,"[109.4117139, 18.2120404, 109.4187076, 18.2230749]","[109.4117139, 18.2120404, 109.4187076, 18.2230749]","[109.41494628565135, 18.217585800000002]",109.41494628565135,18.217585800000002,"OGR PointOnSurface of valid source polygon (display/sample locator, not administrative centre)",2026-10-03,not asserted
relation,9443829,西岛,西岛,Xi Island,island,,2,2020-09-11T10:46:10Z,https://www.openstreetmap.org/relation/9443829,True,True,"[109.3615526, 18.2253465, 109.3777531, 18.2460293]","[109.3615526, 18.2253465, 109.3777531, 18.2460293]","[109.37043232573313, 18.236267400000003]",109.37043232573313,18.236267400000003,"OGR PointOnSurface of valid source polygon (display/sample locator, not administrative centre)",2026-10-03,not asserted
relation,11011444,琛航礁,琛航礁,Chenhang Island,,reef,26,2026-05-26T10:21:21Z,https://www.openstreetmap.org/relation/11011444,True,True,"[111.6923921, 16.44454, 111.7235651, 16.4610696]","[111.6923921, 16.44454, 111.7235651, 16.4610696]","[111.71805874522806, 16.4528547]",111.71805874522806,16.4528547,"OGR PointOnSurface of valid source polygon (display/sample locator, not administrative centre)",2026-10-03,not asserted
relation,11011445,晋卿礁盘,晋卿礁盘,,,reef,22,2026-05-26T10:21:21Z,https://www.openstreetmap.org/relation/11011445,True,True,"[111.7354631, 16.4566598, 111.7813071, 16.5561988]","[111.7354631, 16.4566598, 111.7813071, 16.5561988]","[111.77085191752678, 16.503840850000003]",111.77085191752678,16.503840850000003,"OGR PointOnSurface of valid source polygon (display/sample locator, not administrative centre)",2026-10-03,not asserted
relation,11085885,湛涵滩,湛涵滩,,,reef,3,2025-07-28T15:41:26Z,https://www.openstreetmap.org/relation/11085885,True,True,"[112.6082293, 16.3227753, 112.7058135, 16.4009143]","[112.6082293, 16.3227753, 112.7058135, 16.4009143]","[112.6916538749476, 16.3438612]",112.6916538749476,16.3438612,"OGR PointOnSurface of valid source polygon (display/sample locator, not administrative centre)",2026-10-03,not asserted
relation,11085886,湛涵滩,湛涵滩,,,reef,1,2020-05-10T04:45:26Z,https://www.openstreetmap.org/relation/11085886,True,True,"[112.6330291, 16.3362837, 112.6550017, 16.3563798]","[112.6330291, 16.3362837, 112.6550017, 16.3563798]","[112.64347647131449, 16.3488028]",112.64347647131449,16.3488028,"OGR PointOnSurface of valid source polygon (display/sample locator, not administrative centre)",2026-10-03,not asserted
relation,11085887,高尖石,高尖石,Pyramid Rocks,islet,,2,2026-08-15T10:04:47Z,https://www.openstreetmap.org/relation/11085887,True,True,"[112.642394, 16.5770785, 112.6424155, 16.5770892]","[112.642394, 16.5770785, 112.6424155, 16.5770892]","[112.6424043925, 16.57708385]",112.6424043925,16.57708385,"OGR PointOnSurface of valid source polygon (display/sample locator, not administrative centre)",2026-10-03,not asserted
relation,11087478,永兴岛礁盘,永兴岛礁盘,Woody Island,,reef,29,2025-07-28T15:41:26Z,https://www.openstreetmap.org/relation/11087478,True,True,"[112.324637, 16.8219696, 112.3608261, 16.8493282]","[112.324637, 16.8219696, 112.3608261, 16.8493282]","[112.35164710858137, 16.83545075]",112.35164710858137,16.83545075,"OGR PointOnSurface of valid source polygon (display/sample locator, not administrative centre)",2026-10-03,not asserted
relation,11169306,中建岛,中建岛,,,reef,10,2025-09-27T14:34:43Z,https://www.openstreetmap.org/relation/11169306,False,False,"[111.1896692, 15.7743283, 111.2243519, 15.8020902]","[111.1896692, 15.7743283, 111.2243519, 15.8020902]",,,,none: invalid source geometry,2026-10-03,not asserted
relation,11170959,盘石屿,盘石屿,Passu Keah,,reef,10,2025-07-28T15:41:26Z,https://www.openstreetmap.org/relation/11170959,True,True,"[111.7526651, 16.0308408, 111.8271075, 16.0743781]","[111.7526651, 16.0308408, 111.8271075, 16.0743781]","[111.81245092511693, 16.052342449999998]",111.81245092511693,16.052342449999998,"OGR PointOnSurface of valid source polygon (display/sample locator, not administrative centre)",2026-10-03,not asserted
relation,11201623,北岛,北岛,Beidao,islet,,15,2026-04-02T02:56:34Z,https://www.openstreetmap.org/relation/11201623,True,True,"[112.3037266, 16.9589936, 112.3175487, 16.9664467]","[112.3037266, 16.9589936, 112.3175487, 16.9664467]","[112.3116439756453, 16.96255]",112.3116439756453,16.96255,"OGR PointOnSurface of valid source polygon (display/sample locator, not administrative centre)",2026-10-03,not asserted
relation,11201625,中岛,中岛,,islet,,11,2026-01-20T07:34:25Z,https://www.openstreetmap.org/relation/11201625,True,True,"[112.3218538, 16.9532285, 112.3268482, 16.9570379]","[112.3218538, 16.9532285, 112.3268482, 16.9570379]","[112.32438010839621, 16.95526955]",112.32438010839621,16.95526955,"OGR PointOnSurface of valid source polygon (display/sample locator, not administrative centre)",2026-10-03,not asserted
relation,11201627,南岛,南岛,,islet,,11,2026-01-20T07:34:25Z,https://www.openstreetmap.org/relation/11201627,True,True,"[112.3318159, 16.9434584, 112.3371613, 16.9498842]","[112.3318159, 16.9434584, 112.3371613, 16.9498842]","[112.33429785629238, 16.9467111]",112.33429785629238,16.9467111,"OGR PointOnSurface of valid source polygon (display/sample locator, not administrative centre)",2026-10-03,not asserted
relation,11201629,北沙洲,北沙洲,,islet,,8,2025-07-28T15:41:26Z,https://www.openstreetmap.org/relation/11201629,True,True,"[112.3409598, 16.9369037, 112.3422036, 16.9389096]","[112.3409598, 16.9369037, 112.3422036, 16.9389096]","[112.34169358529962, 16.93788835]",112.34169358529962,16.93788835,"OGR PointOnSurface of valid source polygon (display/sample locator, not administrative centre)",2026-10-03,not asserted
relation,11201630,中沙洲,中沙洲,,islet,,8,2026-01-20T07:34:25Z,https://www.openstreetmap.org/relation/11201630,True,True,"[112.3427179, 16.932627, 112.3444292, 16.9355688]","[112.3427179, 16.932627, 112.3444292, 16.9355688]","[112.34346208467292, 16.934144099999997]",112.34346208467292,16.934144099999997,"OGR PointOnSurface of valid source polygon (display/sample locator, not administrative centre)",2026-10-03,not asserted
relation,11201631,南沙洲,南沙洲,,islet,,10,2025-07-28T15:41:26Z,https://www.openstreetmap.org/relation/11201631,True,True,"[112.3446438, 16.9273263, 112.3475459, 16.930886]","[112.3446438, 16.9273263, 112.3475459, 16.930886]","[112.34559459917679, 16.9290937]",112.34559459917679,16.9290937,"OGR PointOnSurface of valid source polygon (display/sample locator, not administrative centre)",2026-10-03,not asserted
relation,11516599,金银岛礁盘,金银岛礁盘,Jinyin Island Reef,,reef,18,2026-05-26T10:22:07Z,https://www.openstreetmap.org/relation/11516599,True,True,"[111.4868772, 16.4367988, 111.5448923, 16.4623666]","[111.4868772, 16.4367988, 111.5448923, 16.4623666]","[111.52709278143382, 16.449555750000002]",111.52709278143382,16.449555750000002,"OGR PointOnSurface of valid source polygon (display/sample locator, not administrative centre)",2026-10-03,not asserted
relation,11567453,蜈支洲岛,蜈支洲岛,Wuzhizhou Island,island,,6,2024-08-30T06:45:02Z,https://www.openstreetmap.org/relation/11567453,True,True,"[109.7549884, 18.3061104, 109.7692637, 18.3165297]","[109.7549884, 18.3061104, 109.7692637, 18.3165297]","[109.76184901156373, 18.3113515]",109.76184901156373,18.3113515,"OGR PointOnSurface of valid source polygon (display/sample locator, not administrative centre)",2026-10-03,not asserted
relation,11602043,大洲岛,大洲岛,Dazhou Island,island,,1,2020-09-10T08:58:20Z,https://www.openstreetmap.org/relation/11602043,True,True,"[110.4700199, 18.655023, 110.4944, 18.6903178]","[110.4700199, 18.655023, 110.4944, 18.6903178]","[110.48236574854602, 18.6727696]",110.48236574854602,18.6727696,"OGR PointOnSurface of valid source polygon (display/sample locator, not administrative centre)",2026-10-03,not asserted
relation,11681378,海花岛,海花岛,Ocean Flower Island,island,,7,2022-07-21T09:35:16Z,https://www.openstreetmap.org/relation/11681378,True,True,"[109.1483466, 19.6476113, 109.2025947, 19.6925536]","[109.1483466, 19.6476113, 109.2025947, 19.6925536]","[109.16904178458722, 19.66988855]",109.16904178458722,19.66988855,"OGR PointOnSurface of valid source polygon (display/sample locator, not administrative centre)",2026-10-03,not asserted
relation,13568600,新埠岛,新埠岛,Xinbu Island,island,,1,2021-12-19T17:33:06Z,https://www.openstreetmap.org/relation/13568600,True,True,"[110.3407791, 20.0511109, 110.3751344, 20.0913553]","[110.3407791, 20.0511109, 110.3751344, 20.0913553]","[110.3604068648232, 20.071309399999997]",110.3604068648232,20.071309399999997,"OGR PointOnSurface of valid source polygon (display/sample locator, not administrative centre)",2026-10-03,not asserted
relation,13579393,海甸岛,海甸岛,Haidian Island,island,,1,2021-12-22T09:32:39Z,https://www.openstreetmap.org/relation/13579393,True,True,"[110.3005088, 20.0468193, 110.3565264, 20.0806847]","[110.3005088, 20.0468193, 110.3565264, 20.0806847]","[110.32699386647681, 20.06380405]",110.32699386647681,20.06380405,"OGR PointOnSurface of valid source polygon (display/sample locator, not administrative centre)",2026-10-03,not asserted
relation,14250745,如意岛,如意岛,Ruyi island,island,,2,2022-06-14T10:39:45Z,https://www.openstreetmap.org/relation/14250745,True,True,"[110.4039287, 20.1043295, 110.4436254, 20.1202272]","[110.4039287, 20.1043295, 110.4436254, 20.1202272]","[110.42980208314415, 20.11233145]",110.42980208314415,20.11233145,"OGR PointOnSurface of valid source polygon (display/sample locator, not administrative centre)",2026-10-03,not asserted
relation,14548917,银屿礁盘,银屿,Observation Bank,island,reef,13,2026-05-26T10:21:21Z,https://www.openstreetmap.org/relation/14548917,True,True,"[111.6882115, 16.5641418, 111.7254831, 16.596194]","[111.6882115, 16.5641418, 111.7254831, 16.596194]","[111.71356977497666, 16.58017055]",111.71356977497666,16.58017055,"OGR PointOnSurface of valid source polygon (display/sample locator, not administrative centre)",2026-10-03,not asserted
relation,16610828,羚羊礁,羚羊礁,Antelope Reef,island,reef,13,2026-05-30T08:27:13Z,https://www.openstreetmap.org/relation/16610828,True,True,"[111.5701318, 16.4419712, 111.6086751, 16.4926532]","[111.5701318, 16.4419712, 111.6086751, 16.4926532]","[111.60033275330395, 16.467272899999998]",111.60033275330395,16.467272899999998,"OGR PointOnSurface of valid source polygon (display/sample locator, not administrative centre)",2026-10-03,not asserted
relation,18079749,石塘连礁,石塘连礁,Hardy Patches,,reef,1,2024-09-22T19:42:52Z,https://www.openstreetmap.org/relation/18079749,True,True,"[114.7405442, 16.0201755, 114.8136565, 16.0901346]","[114.7405442, 16.0201755, 114.8136565, 16.0901346]","[114.7571814738913, 16.079960399999997]",114.7571814738913,16.079960399999997,"OGR PointOnSurface of valid source polygon (display/sample locator, not administrative centre)",2026-10-03,not asserted
relation,18103445,全富礁,全富礁,,island,reef,7,2026-05-26T10:21:21Z,https://www.openstreetmap.org/relation/18103445,True,True,"[111.6505665, 16.5573288, 111.6860588, 16.5817579]","[111.6505665, 16.5573288, 111.6860588, 16.5817579]","[111.66629611550104, 16.56996015]",111.66629611550104,16.56996015,"OGR PointOnSurface of valid source polygon (display/sample locator, not administrative centre)",2026-10-03,not asserted
relation,18554868,黄岩岛,黄岩岛,Scarborough Shoal,,reef,12,2025-09-23T13:06:56Z,https://www.openstreetmap.org/relation/18554868,True,True,"[117.7102857, 15.101378, 117.8490065, 15.225923]","[117.7102857, 15.101378, 117.8490065, 15.225923]","[117.79387906092902, 15.1635867]",117.79387906092902,15.1635867,"OGR PointOnSurface of valid source polygon (display/sample locator, not administrative centre)",2026-10-03,not asserted
relation,18624006,邻昌礁,邻昌礁,Linchang Reef,,reef,2,2025-01-31T00:54:13Z,https://www.openstreetmap.org/relation/18624006,True,True,"[109.4133985, 19.9019175, 109.4778573, 19.925199]","[109.4133985, 19.9019175, 109.4778573, 19.925199]","[109.45909983414052, 19.91342755]",109.45909983414052,19.91342755,"OGR PointOnSurface of valid source polygon (display/sample locator, not administrative centre)",2026-10-03,not asserted
relation,18624024,大铲礁,大铲礁,,,reef,2,2025-01-31T01:01:33Z,https://www.openstreetmap.org/relation/18624024,True,True,"[109.0794837, 19.6644462, 109.1124426, 19.691298]","[109.0794837, 19.6644462, 109.1124426, 19.691298]","[109.09953380488218, 19.677844450000002]",109.09953380488218,19.677844450000002,"OGR PointOnSurface of valid source polygon (display/sample locator, not administrative centre)",2026-10-03,not asserted
relation,19122386,珊瑚岛礁盘,珊瑚岛礁盘,,,reef,5,2026-05-26T10:21:21Z,https://www.openstreetmap.org/relation/19122386,False,False,"[111.5955861, 16.5283828, 111.6273895, 16.5486259]","[111.5955861, 16.5283828, 111.6273895, 16.5486259]",,,,none: invalid source geometry,2026-10-03,not asserted
relation,19123019,金银岛,金银岛,Money Island,islet,,3,2025-07-28T15:41:26Z,https://www.openstreetmap.org/relation/19123019,True,True,"[111.5000754, 16.4442314, 111.513887, 16.4502848]","[111.5000754, 16.4442314, 111.513887, 16.4502848]","[111.5075825977762, 16.44725455]",111.5075825977762,16.44725455,"OGR PointOnSurface of valid source polygon (display/sample locator, not administrative centre)",2026-10-03,not asserted
relation,19260764,分界洲,分界洲,Fenjie Island,island,,4,2026-05-28T12:40:17Z,https://www.openstreetmap.org/relation/19260764,True,True,"[110.1926286, 18.5742408, 110.20012, 18.5822469]","[110.1926286, 18.5742408, 110.20012, 18.5822469]","[110.19651758819818, 18.5782785]",110.19651758819818,18.5782785,"OGR PointOnSurface of valid source polygon (display/sample locator, not administrative centre)",2026-10-03,not asserted
relation,20778067,羚羊岛,羚羊岛,,island,,2,2026-09-13T17:04:58Z,https://www.openstreetmap.org/relation/20778067,True,True,"[111.5716048, 16.4439612, 111.6074835, 16.4919286]","[111.5716048, 16.4439612, 111.6074835, 16.4919286]","[111.57591287752786, 16.468367450000002]",111.57591287752786,16.468367450000002,"OGR PointOnSurface of valid source polygon (display/sample locator, not administrative centre)",2026-10-03,not asserted
way,14124533,司马坡岛,司马坡岛,Simapo Island,island,grassland,10,2024-07-19T01:58:28Z,https://www.openstreetmap.org/way/14124533,True,True,"[110.3739667, 20.0011037, 110.3866204, 20.0179653]","[110.3739667, 20.0011037, 110.3866204, 20.0179653]","[110.38012167879782, 20.00961205]",110.38012167879782,20.00961205,"OGR PointOnSurface of valid source polygon (display/sample locator, not administrative centre)",2026-10-03,not asserted
way,14126356,北港岛,北港岛,Beigang,island,coastline,8,2021-01-13T20:11:21Z,https://www.openstreetmap.org/way/14126356,True,True,"[110.5519244, 20.0141721, 110.566804, 20.0247566]","[110.5519244, 20.0141721, 110.566804, 20.0247566]","[110.5631670648036, 20.01945495]",110.5631670648036,20.01945495,"OGR PointOnSurface of valid source polygon (display/sample locator, not administrative centre)",2026-10-03,not asserted
way,14128190,甘蔗岛,甘蔗岛,,islet,coastline,3,2022-03-12T01:42:39Z,https://www.openstreetmap.org/way/14128190,True,True,"[110.5004544, 18.7599712, 110.5037562, 18.7638797]","[110.5004544, 18.7599712, 110.5037562, 18.7638797]","[110.50198730691605, 18.7619407]",110.50198730691605,18.7619407,"OGR PointOnSurface of valid source polygon (display/sample locator, not administrative centre)",2026-10-03,not asserted
way,14129024,东锣岛,东锣岛,,islet,coastline,8,2021-08-24T20:45:55Z,https://www.openstreetmap.org/way/14129024,True,True,"[108.9879678, 18.3237854, 108.9913595, 18.32963]","[108.9879678, 18.3237854, 108.9913595, 18.32963]","[108.9897761958066, 18.3266409]",108.9897761958066,18.3266409,"OGR PointOnSurface of valid source polygon (display/sample locator, not administrative centre)",2026-10-03,not asserted
way,14130546,小青州,小青州,,islet,coastline,8,2023-04-26T18:11:33Z,https://www.openstreetmap.org/way/14130546,True,True,"[109.4832779, 18.227097, 109.4863864, 18.2305163]","[109.4832779, 18.227097, 109.4863864, 18.2305163]","[109.48461907504449, 18.22874075]",109.48461907504449,18.22874075,"OGR PointOnSurface of valid source polygon (display/sample locator, not administrative centre)",2026-10-03,not asserted
way,14130716,西鼓岛,西鼓岛,,islet,coastline,7,2019-07-11T11:13:41Z,https://www.openstreetmap.org/way/14130716,True,True,"[108.9513418, 18.3215537, 108.9541049, 18.3251094]","[108.9513418, 18.3215537, 108.9541049, 18.3251094]","[108.95258793304274, 18.32338735]",108.95258793304274,18.32338735,"OGR PointOnSurface of valid source polygon (display/sample locator, not administrative centre)",2026-10-03,not asserted
way,14235138,中建岛,中建岛,Triton Island,island,coastline,45,2026-01-20T07:34:25Z,https://www.openstreetmap.org/way/14235138,True,True,"[111.1948231, 15.779965, 111.211545, 15.7909415]","[111.1948231, 15.779965, 111.211545, 15.7909415]","[111.20391221788972, 15.785403800000001]",111.20391221788972,15.785403800000001,"OGR PointOnSurface of valid source polygon (display/sample locator, not administrative centre)",2026-10-03,not asserted
way,14235163,北礁,北礁,North Reef,islet,coastline,6,2021-09-22T05:52:16Z,https://www.openstreetmap.org/way/14235163,True,True,"[111.4652233, 17.0659024, 111.4652896, 17.0659894]","[111.4652233, 17.0659024, 111.4652896, 17.0659894]","[111.46525992989098, 17.065959399999997]",111.46525992989098,17.065959399999997,"OGR PointOnSurface of valid source polygon (display/sample locator, not administrative centre)",2026-10-03,not asserted
way,14235204,盘石屿,盘石屿,Passu Keah,islet,coastline,15,2024-10-10T15:41:19Z,https://www.openstreetmap.org/way/14235204,True,True,"[111.7586888, 16.0545406, 111.7646388, 16.057433]","[111.7586888, 16.0545406, 111.7646388, 16.057433]","[111.76236494441574, 16.05594455]",111.76236494441574,16.05594455,"OGR PointOnSurface of valid source polygon (display/sample locator, not administrative centre)",2026-10-03,not asserted
way,14235277,赵述岛,赵述岛,Tree Island,islet,coastline,44,2026-01-20T07:34:25Z,https://www.openstreetmap.org/way/14235277,True,True,"[112.2660333, 16.9740722, 112.2740995, 16.9818502]","[112.2660333, 16.9740722, 112.2740995, 16.9818502]","[112.27005481768703, 16.97799165]",112.27005481768703,16.97799165,"OGR PointOnSurface of valid source polygon (display/sample locator, not administrative centre)",2026-10-03,not asserted
way,14235302,西新沙洲,西新沙洲,,islet,coastline,21,2026-01-20T07:34:25Z,https://www.openstreetmap.org/way/14235302,True,True,"[112.3456134, 16.9232072, 112.3460224, 16.9235331]","[112.3456134, 16.9232072, 112.3460224, 16.9235331]","[112.34582116464044, 16.9233695]",112.34582116464044,16.9233695,"OGR PointOnSurface of valid source polygon (display/sample locator, not administrative centre)",2026-10-03,not asserted
way,39459203,玉琢礁,玉琢礁,Vuladdore Reef,,reef,47,2026-01-20T07:34:25Z,https://www.openstreetmap.org/way/39459203,True,True,"[111.9592666, 16.3170878, 112.0933548, 16.3649957]","[111.9592666, 16.3170878, 112.0933548, 16.3649957]","[112.03168078679306, 16.340589299999998]",112.03168078679306,16.340589299999998,"OGR PointOnSurface of valid source polygon (display/sample locator, not administrative centre)",2026-10-03,not asserted
way,39459320,浪花礁,浪花礁,Bombay Reef,island,reef,31,2025-07-28T15:41:26Z,https://www.openstreetmap.org/way/39459320,True,True,"[112.439144, 16.0128573, 112.5963636, 16.0838307]","[112.439144, 16.0128573, 112.5963636, 16.0838307]","[112.50257860996815, 16.047514200000002]",112.50257860996815,16.047514200000002,"OGR PointOnSurface of valid source polygon (display/sample locator, not administrative centre)",2026-10-03,not asserted
way,50548004,甘泉岛,甘泉岛,Robert Island,islet,coastline,35,2026-08-20T15:29:15Z,https://www.openstreetmap.org/way/50548004,True,True,"[111.5828796, 16.502122, 111.5881377, 16.5089807]","[111.5828796, 16.502122, 111.5881377, 16.5089807]","[111.58555066058777, 16.50526145]",111.58555066058777,16.50526145,"OGR PointOnSurface of valid source polygon (display/sample locator, not administrative centre)",2026-10-03,not asserted
way,50548005,晋卿岛,晋卿岛,Drummond Island,islet,coastline,52,2026-05-26T10:21:21Z,https://www.openstreetmap.org/way/50548005,True,True,"[111.7386328, 16.4601009, 111.7445045, 16.4665608]","[111.7386328, 16.4601009, 111.7445045, 16.4665608]","[111.74151446217414, 16.463306250000002]",111.74151446217414,16.463306250000002,"OGR PointOnSurface of valid source polygon (display/sample locator, not administrative centre)",2026-10-03,not asserted
way,50548010,珊瑚岛,珊瑚岛,Pattle Island,islet,coastline,35,2026-05-26T10:21:21Z,https://www.openstreetmap.org/way/50548010,True,True,"[111.6031355, 16.5302629, 111.6110711, 16.5363025]","[111.6031355, 16.5302629, 111.6110711, 16.5363025]","[111.60712287857626, 16.5332832]",111.60712287857626,16.5332832,"OGR PointOnSurface of valid source polygon (display/sample locator, not administrative centre)",2026-10-03,not asserted
way,50548011,鸭公岛,鸭公岛,Yagong Island,islet,coastline,35,2026-05-26T10:21:21Z,https://www.openstreetmap.org/way/50548011,True,True,"[111.6856761, 16.5655615, 111.6869385, 16.5672037]","[111.6856761, 16.5655615, 111.6869385, 16.5672037]","[111.68647004811575, 16.5663799]",111.68647004811575,16.5663799,"OGR PointOnSurface of valid source polygon (display/sample locator, not administrative centre)",2026-10-03,not asserted
way,50548012,银屿岛,银屿,Observation Bank,islet,coastline,36,2025-07-28T15:41:26Z,https://www.openstreetmap.org/way/50548012,True,True,"[111.7031707, 16.5782527, 111.7051405, 16.5803049]","[111.7031707, 16.5782527, 111.7051405, 16.5803049]","[111.70438263506409, 16.579287299999997]",111.70438263506409,16.579287299999997,"OGR PointOnSurface of valid source polygon (display/sample locator, not administrative centre)",2026-10-03,not asserted
way,89355728,凤凰岛,凤凰岛,Phoenix Island,island,coastline,16,2024-01-08T17:06:00Z,https://www.openstreetmap.org/way/89355728,True,True,"[109.4852073, 18.2381989, 109.4943509, 18.245538]","[109.4852073, 18.2381989, 109.4943509, 18.245538]","[109.4899622461163, 18.242073050000002]",109.4899622461163,18.242073050000002,"OGR PointOnSurface of valid source polygon (display/sample locator, not administrative centre)",2026-10-03,not asserted
way,159002361,北礁,北礁,,,reef,32,2026-01-20T07:34:25Z,https://www.openstreetmap.org/way/159002361,True,True,"[111.4500167, 17.0593284, 111.5606767, 17.1141886]","[111.4500167, 17.0593284, 111.5606767, 17.1141886]","[111.53362333342041, 17.086814500000003]",111.53362333342041,17.086814500000003,"OGR PointOnSurface of valid source polygon (display/sample locator, not administrative centre)",2026-10-03,not asserted
way,181126483,华光礁,华光礁,Discovery Reef,island,reef,35,2026-01-20T07:34:25Z,https://www.openstreetmap.org/way/181126483,True,True,"[111.5665912, 16.1618386, 111.813986, 16.275849]","[111.5665912, 16.1618386, 111.813986, 16.275849]","[111.6934225370849, 16.2163174]",111.6934225370849,16.2163174,"OGR PointOnSurface of valid source polygon (display/sample locator, not administrative centre)",2026-10-03,not asserted
way,181127402,浪花礁,浪花礁,,islet,coastline,7,2021-07-25T00:49:39Z,https://www.openstreetmap.org/way/181127402,True,True,"[112.4452589, 16.0260106, 112.4455472, 16.0262801]","[112.4452589, 16.0260106, 112.4455472, 16.0262801]","[112.44539432376827, 16.0261094]",112.44539432376827,16.0261094,"OGR PointOnSurface of valid source polygon (display/sample locator, not administrative centre)",2026-10-03,not asserted
way,181127685,滨湄滩,滨湄滩,Bremen Bank,island,reef,13,2025-07-28T15:41:26Z,https://www.openstreetmap.org/way/181127685,True,True,"[112.330898, 16.2947398, 112.5050765, 16.4007958]","[112.330898, 16.2947398, 112.5050765, 16.4007958]","[112.45831879471979, 16.35036475]",112.45831879471979,16.35036475,"OGR PointOnSurface of valid source polygon (display/sample locator, not administrative centre)",2026-10-03,not asserted
way,181132853,银砾滩,银砾滩,Iltis Bank,island,reef,15,2025-07-28T15:41:26Z,https://www.openstreetmap.org/way/181132853,True,True,"[112.2016511, 16.7551311, 112.2377, 16.7969595]","[112.2016511, 16.7551311, 112.2377, 16.7969595]","[112.21732529347271, 16.778275999999998]",112.21732529347271,16.778275999999998,"OGR PointOnSurface of valid source polygon (display/sample locator, not administrative centre)",2026-10-03,not asserted
way,241059364,山屿湖,山屿湖,,islet,,4,2018-02-03T14:39:34Z,https://www.openstreetmap.org/way/241059364,True,True,"[109.5178338, 18.2765041, 109.5202666, 18.2815622]","[109.5178338, 18.2765041, 109.5202666, 18.2815622]","[109.51905142288447, 18.27912105]",109.51905142288447,18.27912105,"OGR PointOnSurface of valid source polygon (display/sample locator, not administrative centre)",2026-10-03,not asserted
way,297677314,永南暗沙,永南暗沙,Yongnan Shoal,island,reef,15,2026-05-26T10:21:21Z,https://www.openstreetmap.org/way/297677314,True,True,"[111.6434516, 16.447795, 111.6686381, 16.4588825]","[111.6434516, 16.447795, 111.6686381, 16.4588825]","[111.6569320975907, 16.452678849999998]",111.6569320975907,16.452678849999998,"OGR PointOnSurface of valid source polygon (display/sample locator, not administrative centre)",2026-10-03,not asserted
way,297677420,咸舍屿,咸舍屿,Salty Hut,,reef,26,2026-05-26T10:21:21Z,https://www.openstreetmap.org/way/297677420,True,True,"[111.7074341, 16.544053, 111.7182004, 16.550162]","[111.7074341, 16.544053, 111.7182004, 16.550162]","[111.71161434292404, 16.5470921]",111.71161434292404,16.5470921,"OGR PointOnSurface of valid source polygon (display/sample locator, not administrative centre)",2026-10-03,not asserted
way,297678257,石屿,石屿,,islet,coastline,15,2025-07-28T15:41:26Z,https://www.openstreetmap.org/way/297678257,True,True,"[111.7478784, 16.5447382, 111.7485299, 16.5453141]","[111.7478784, 16.5447382, 111.7485299, 16.5453141]","[111.7481450918919, 16.54505255]",111.7481450918919,16.54505255,"OGR PointOnSurface of valid source polygon (display/sample locator, not administrative centre)",2026-10-03,not asserted
way,297682291,北边廊,北边廊,,island,reef,5,2025-07-28T15:41:26Z,https://www.openstreetmap.org/way/297682291,True,True,"[112.4842303, 16.4783878, 112.5624048, 16.5265439]","[112.4842303, 16.4783878, 112.5624048, 16.5265439]","[112.50851039254971, 16.50438145]",112.50851039254971,16.50438145,"OGR PointOnSurface of valid source polygon (display/sample locator, not administrative centre)",2026-10-03,not asserted
way,297682468,嵩焘滩,嵩焘滩,Herald Bank,island,reef,12,2025-07-28T15:41:26Z,https://www.openstreetmap.org/way/297682468,True,True,"[112.2149342, 15.7078725, 112.2566775, 15.7380085]","[112.2149342, 15.7078725, 112.2566775, 15.7380085]","[112.23384904935986, 15.720597099999999]",112.23384904935986,15.720597099999999,"OGR PointOnSurface of valid source polygon (display/sample locator, not administrative centre)",2026-10-03,not asserted
way,297682600,西渡滩,西渡滩,Dido Bank,islet,reef,7,2022-02-10T12:32:14Z,https://www.openstreetmap.org/way/297682600,True,True,"[112.8813579, 16.814025, 112.8842081, 16.8172875]","[112.8813579, 16.814025, 112.8842081, 16.8172875]","[112.88290233030757, 16.81549475]",112.88290233030757,16.81549475,"OGR PointOnSurface of valid source polygon (display/sample locator, not administrative centre)",2026-10-03,not asserted
way,297682793,三峙仔,三峙仔,,islet,coastline,16,2026-01-20T07:34:25Z,https://www.openstreetmap.org/way/297682793,True,True,"[112.3299084, 16.9496217, 112.3301384, 16.9497503]","[112.3299084, 16.9496217, 112.3301384, 16.9497503]","[112.33002692237761, 16.9496871]",112.33002692237761,16.9496871,"OGR PointOnSurface of valid source polygon (display/sample locator, not administrative centre)",2026-10-03,not asserted
way,297687753,本固暗沙,本固暗沙,Bankok Shoal,,reef,6,2024-09-22T19:42:56Z,https://www.openstreetmap.org/way/297687753,True,True,"[114.063498, 15.9840824, 114.1177195, 16.0039597]","[114.063498, 15.9840824, 114.1177195, 16.0039597]","[114.09064672434215, 15.993674200000001]",114.09064672434215,15.993674200000001,"OGR PointOnSurface of valid source polygon (display/sample locator, not administrative centre)",2026-10-03,not asserted
way,297687755,中北暗沙,中北暗沙,Oliver Shoal,,reef,8,2024-10-31T09:59:38Z,https://www.openstreetmap.org/way/297687755,True,True,"[114.3263343, 16.0653458, 114.5247086, 16.1091184]","[114.3263343, 16.0653458, 114.5247086, 16.1091184]","[114.40543914777132, 16.0865395]",114.40543914777132,16.0865395,"OGR PointOnSurface of valid source polygon (display/sample locator, not administrative centre)",2026-10-03,not asserted
way,297687756,美滨暗沙,美滨暗沙,Magpie Shoal,,reef,6,2024-09-22T19:42:56Z,https://www.openstreetmap.org/way/297687756,True,True,"[114.1822605, 16.0321693, 114.2532386, 16.0577574]","[114.1822605, 16.0321693, 114.2532386, 16.0577574]","[114.22392649081033, 16.04648605]",114.22392649081033,16.04648605,"OGR PointOnSurface of valid source polygon (display/sample locator, not administrative centre)",2026-10-03,not asserted
way,297687762,鲁班暗沙,鲁班暗沙,Carpenter Shoal,,reef,6,2024-09-22T19:42:56Z,https://www.openstreetmap.org/way/297687762,True,True,"[114.268324, 16.0462489, 114.2970573, 16.0663551]","[114.268324, 16.0462489, 114.2970573, 16.0663551]","[114.28290912757465, 16.052441899999998]",114.28290912757465,16.052441899999998,"OGR PointOnSurface of valid source polygon (display/sample locator, not administrative centre)",2026-10-03,not asserted
way,297687763,西门暗沙,西门暗沙,Siamese Shoal,,reef,6,2024-09-22T19:42:56Z,https://www.openstreetmap.org/way/297687763,True,True,"[114.0361247, 15.9562509, 114.0590343, 15.9770145]","[114.0361247, 15.9562509, 114.0590343, 15.9770145]","[114.04758177124287, 15.966317400000001]",114.04758177124287,15.966317400000001,"OGR PointOnSurface of valid source polygon (display/sample locator, not administrative centre)",2026-10-03,not asserted
way,297688257,比微暗沙,比微暗沙,Pigmy Shoal,,reef,6,2024-09-22T19:42:56Z,https://www.openstreetmap.org/way/297688257,True,True,"[114.5968912, 16.1392117, 114.8216138, 16.2279619]","[114.5968912, 16.1392117, 114.8216138, 16.2279619]","[114.80333546405194, 16.1835537]",114.80333546405194,16.1835537,"OGR PointOnSurface of valid source polygon (display/sample locator, not administrative centre)",2026-10-03,not asserted
way,297688258,隱磯灘,隱磯灘,Engeria Bank,,reef,7,2024-09-22T19:42:56Z,https://www.openstreetmap.org/way/297688258,True,True,"[114.860606, 16.0214374, 114.9236893, 16.0875767]","[114.860606, 16.0214374, 114.9236893, 16.0875767]","[114.89847928135737, 16.05673515]",114.89847928135737,16.05673515,"OGR PointOnSurface of valid source polygon (display/sample locator, not administrative centre)",2026-10-03,not asserted
way,297688262,布德暗沙,布德暗沙,Bassett Shoal,,reef,8,2024-09-22T19:42:56Z,https://www.openstreetmap.org/way/297688262,True,True,"[114.1463215, 15.4339308, 114.1741294, 15.4560913]","[114.1463215, 15.4339308, 114.1741294, 15.4560913]","[114.16172288583999, 15.44374495]",114.16172288583999,15.44374495,"OGR PointOnSurface of valid source polygon (display/sample locator, not administrative centre)",2026-10-03,not asserted
way,297688265,排洪滩,排洪滩,Penguin Bank,,reef,9,2024-09-22T19:42:56Z,https://www.openstreetmap.org/way/297688265,True,True,"[113.6703012, 15.6049108, 113.75186, 15.6512168]","[113.6703012, 15.6049108, 113.75186, 15.6512168]","[113.71084007773791, 15.6307925]",113.71084007773791,15.6307925,"OGR PointOnSurface of valid source polygon (display/sample locator, not administrative centre)",2026-10-03,not asserted
way,297688266,安定连礁,安定连礁,Addington Patch,,reef,8,2024-09-22T19:42:56Z,https://www.openstreetmap.org/way/297688266,True,True,"[114.3905992, 15.6066015, 114.4176083, 15.6359443]","[114.3905992, 15.6066015, 114.4176083, 15.6359443]","[114.40487698427037, 15.62314295]",114.40487698427037,15.62314295,"OGR PointOnSurface of valid source polygon (display/sample locator, not administrative centre)",2026-10-03,not asserted
way,297688267,漫步暗沙,漫步暗沙,Walker Shoal,,reef,9,2024-09-22T19:42:56Z,https://www.openstreetmap.org/way/297688267,True,True,"[114.4740976, 15.9104018, 114.4943486, 15.9210301]","[114.4740976, 15.9104018, 114.4943486, 15.9210301]","[114.48417046797042, 15.9159168]",114.48417046797042,15.9159168,"OGR PointOnSurface of valid source polygon (display/sample locator, not administrative centre)",2026-10-03,not asserted
way,297688269,华夏暗沙,华夏暗沙,Cathay Shoal,,reef,8,2024-09-22T19:42:56Z,https://www.openstreetmap.org/way/297688269,True,True,"[113.9568274, 15.8687555, 113.9820346, 15.8900331]","[113.9568274, 15.8687555, 113.9820346, 15.8900331]","[113.96917067321726, 15.8780687]",113.96917067321726,15.8780687,"OGR PointOnSurface of valid source polygon (display/sample locator, not administrative centre)",2026-10-03,not asserted
way,297688271,波洑暗沙,波洑暗沙,Balfour Shoal,,reef,8,2024-09-22T19:42:56Z,https://www.openstreetmap.org/way/297688271,True,True,"[113.9646185, 15.4255864, 114.015644, 15.4631073]","[113.9646185, 15.4255864, 114.015644, 15.4631073]","[113.99174206735901, 15.443999699999999]",113.99174206735901,15.443999699999999,"OGR PointOnSurface of valid source polygon (display/sample locator, not administrative centre)",2026-10-03,not asserted
way,297688272,南扉暗沙,南扉暗沙,Margesson Shoal,,reef,8,2024-09-22T19:42:56Z,https://www.openstreetmap.org/way/297688272,True,True,"[114.6278688, 15.9018272, 114.6559288, 15.9274625]","[114.6278688, 15.9018272, 114.6559288, 15.9274625]","[114.64488845367947, 15.91842295]",114.64488845367947,15.91842295,"OGR PointOnSurface of valid source polygon (display/sample locator, not administrative centre)",2026-10-03,not asserted
way,297688274,涛静暗沙,涛静暗沙,Tancred Shoal,,reef,8,2024-09-22T19:42:56Z,https://www.openstreetmap.org/way/297688274,True,True,"[113.8778585, 15.6796207, 113.8944663, 15.7000335]","[113.8778585, 15.6796207, 113.8944663, 15.7000335]","[113.88619232518028, 15.6885633]",113.88619232518028,15.6885633,"OGR PointOnSurface of valid source polygon (display/sample locator, not administrative centre)",2026-10-03,not asserted
way,297688275,乐西暗沙,乐西暗沙,Phillip's Shoal,,reef,8,2024-09-22T19:42:56Z,https://www.openstreetmap.org/way/297688275,True,True,"[114.3929851, 15.845452, 114.4227069, 15.8684642]","[114.3929851, 15.845452, 114.4227069, 15.8684642]","[114.40763424355731, 15.854587500000001]",114.40763424355731,15.854587500000001,"OGR PointOnSurface of valid source polygon (display/sample locator, not administrative centre)",2026-10-03,not asserted
way,297688276,武勇暗沙,武勇暗沙,Howard Shoal,,reef,8,2024-09-22T19:42:56Z,https://www.openstreetmap.org/way/297688276,True,True,"[114.7571519, 15.818362, 114.7939122, 15.9090991]","[114.7571519, 15.818362, 114.7939122, 15.9090991]","[114.77335640812552, 15.8555583]",114.77335640812552,15.8555583,"OGR PointOnSurface of valid source polygon (display/sample locator, not administrative centre)",2026-10-03,not asserted
way,297688279,指掌暗沙,指掌暗沙,Hand Shoal,,reef,8,2024-09-22T19:42:56Z,https://www.openstreetmap.org/way/297688279,True,True,"[114.6274238, 15.9911318, 114.6641825, 16.0154071]","[114.6274238, 15.9911318, 114.6641825, 16.0154071]","[114.64719212332903, 16.0042137]",114.64719212332903,16.0042137,"OGR PointOnSurface of valid source polygon (display/sample locator, not administrative centre)",2026-10-03,not asserted
way,297688283,排波暗沙,排波暗沙,Parry Shoal,,reef,8,2024-09-22T19:42:56Z,https://www.openstreetmap.org/way/297688283,True,True,"[113.8339923, 15.4743009, 113.8900059, 15.5141475]","[113.8339923, 15.4743009, 113.8900059, 15.5141475]","[113.86156284376412, 15.49458905]",113.86156284376412,15.49458905,"OGR PointOnSurface of valid source polygon (display/sample locator, not administrative centre)",2026-10-03,not asserted
way,297688285,屏南暗沙,屏南暗沙,Payne Shoal,,reef,8,2024-09-22T19:42:56Z,https://www.openstreetmap.org/way/297688285,True,True,"[114.5527866, 15.84531, 114.5827472, 15.8693588]","[114.5527866, 15.84531, 114.5827472, 15.8693588]","[114.56622921408746, 15.8556169]",114.56622921408746,15.8556169,"OGR PointOnSurface of valid source polygon (display/sample locator, not administrative centre)",2026-10-03,not asserted
way,297688286,控湃暗沙,控湃暗沙,Combe Shoal,,reef,7,2024-09-22T19:42:56Z,https://www.openstreetmap.org/way/297688286,True,True,"[113.8913023, 15.7737459, 113.9096302, 15.7944311]","[113.8913023, 15.7737459, 113.9096302, 15.7944311]","[113.90003799802213, 15.78604835]",113.90003799802213,15.78604835,"OGR PointOnSurface of valid source polygon (display/sample locator, not administrative centre)",2026-10-03,not asserted
way,297688287,美溪暗沙,美溪暗沙,Smith Shoal,,reef,8,2024-09-22T19:42:56Z,https://www.openstreetmap.org/way/297688287,True,True,"[114.187486, 15.4292874, 114.2170456, 15.4459611]","[114.187486, 15.4292874, 114.2170456, 15.4459611]","[114.20226652517128, 15.43741325]",114.20226652517128,15.43741325,"OGR PointOnSurface of valid source polygon (display/sample locator, not administrative centre)",2026-10-03,not asserted
way,297688288,济猛暗沙,济猛暗沙,Learmonth Shoal,,reef,8,2024-09-22T19:42:56Z,https://www.openstreetmap.org/way/297688288,True,True,"[114.678717, 15.6994768, 114.704757, 15.730662]","[114.678717, 15.6994768, 114.704757, 15.730662]","[114.69291649051333, 15.713096199999999]",114.69291649051333,15.713096199999999,"OGR PointOnSurface of valid source polygon (display/sample locator, not administrative centre)",2026-10-03,not asserted
way,297688289,果淀暗沙,果淀暗沙,Cawston Shoal,,reef,8,2024-09-22T19:42:56Z,https://www.openstreetmap.org/way/297688289,True,True,"[113.7441818, 15.5060211, 113.7809368, 15.5430118]","[113.7441818, 15.5060211, 113.7809368, 15.5430118]","[113.76292472724136, 15.5215761]",113.76292472724136,15.5215761,"OGR PointOnSurface of valid source polygon (display/sample locator, not administrative centre)",2026-10-03,not asserted
way,297688290,海鸠暗沙,海鸠暗沙,Plover Shoal,,reef,8,2024-09-22T19:42:56Z,https://www.openstreetmap.org/way/297688290,True,True,"[114.4494156, 15.59346, 114.5166344, 15.63114]","[114.4494156, 15.59346, 114.5166344, 15.63114]","[114.48467879937095, 15.613186]",114.48467879937095,15.613186,"OGR PointOnSurface of valid source polygon (display/sample locator, not administrative centre)",2026-10-03,not asserted
way,297689140,神狐暗沙,神狐暗沙,Saint Esprit Shoal,,reef,5,2024-04-20T10:19:50Z,https://www.openstreetmap.org/way/297689140,True,True,"[113.0147374, 19.5341314, 113.0507863, 19.5616318]","[113.0147374, 19.5341314, 113.0507863, 19.5616318]","[113.03155290513118, 19.54480855]",113.03155290513118,19.54480855,"OGR PointOnSurface of valid source polygon (display/sample locator, not administrative centre)",2026-10-03,not asserted
way,297689336,一统暗沙,一统暗沙,Helen Shoal,,reef,5,2024-04-20T10:19:50Z,https://www.openstreetmap.org/way/297689336,True,True,"[113.8742351, 19.1652352, 113.8983214, 19.1843489]","[113.8742351, 19.1652352, 113.8983214, 19.1843489]","[113.88697655010324, 19.1761097]",113.88697655010324,19.1761097,"OGR PointOnSurface of valid source polygon (display/sample locator, not administrative centre)",2026-10-03,not asserted
way,389174634,加井岛,加井岛,Jiajing Island,island,coastline,4,2023-12-01T09:44:21Z,https://www.openstreetmap.org/way/389174634,True,True,"[110.285503, 18.6472187, 110.289044, 18.6532765]","[110.285503, 18.6472187, 110.289044, 18.6532765]","[110.28699583983621, 18.65033265]",110.28699583983621,18.65033265,"OGR PointOnSurface of valid source polygon (display/sample locator, not administrative centre)",2026-10-03,not asserted
way,389174645,洲仔岛,洲仔岛,Zhouzai island,islet,coastline,5,2024-04-20T10:19:50Z,https://www.openstreetmap.org/way/389174645,True,True,"[110.3526852, 18.6372584, 110.3631964, 18.6435207]","[110.3526852, 18.6372584, 110.3631964, 18.6435207]","[110.35806515539558, 18.64034515]",110.35806515539558,18.64034515,"OGR PointOnSurface of valid source polygon (display/sample locator, not administrative centre)",2026-10-03,not asserted
way,549923558,融创日岛,融创日岛,,islet,coastline,5,2020-09-03T17:22:06Z,https://www.openstreetmap.org/way/549923558,True,True,"[110.2004263, 18.6100218, 110.2084564, 18.6176316]","[110.2004263, 18.6100218, 110.2084564, 18.6176316]","[110.2044413550222, 18.6137497]",110.2044413550222,18.6137497,"OGR PointOnSurface of valid source polygon (display/sample locator, not administrative centre)",2026-10-03,not asserted
way,550243187,双帆石,双帆石,Shuangfan Rock,islet,coastline,4,2025-03-11T14:50:25Z,https://www.openstreetmap.org/way/550243187,True,True,"[110.1399833, 18.4355531, 110.1411098, 18.4364539]","[110.1399833, 18.4355531, 110.1411098, 18.4364539]","[110.14058229161864, 18.4359617]",110.14058229161864,18.4359617,"OGR PointOnSurface of valid source polygon (display/sample locator, not administrative centre)",2026-10-03,not asserted
way,591044102,南海明珠人工岛,南海明珠人工岛,Nanhai Pearl Artificial Island,islet,coastline,7,2023-12-01T09:44:21Z,https://www.openstreetmap.org/way/591044102,True,True,"[110.2246863, 20.0613726, 110.2467362, 20.0832452]","[110.2246863, 20.0613726, 110.2467362, 20.0832452]","[110.23049683674759, 20.07225495]",110.23049683674759,20.07225495,"OGR PointOnSurface of valid source polygon (display/sample locator, not administrative centre)",2026-10-03,not asserted
way,605490515,仕尾岛,仕尾岛,,islet,coastline,2,2022-06-18T15:38:29Z,https://www.openstreetmap.org/way/605490515,True,True,"[110.5675724, 20.0925962, 110.5679694, 20.0928784]","[110.5675724, 20.0925962, 110.5679694, 20.0928784]","[110.567722336056, 20.0927222]",110.567722336056,20.0927222,"OGR PointOnSurface of valid source polygon (display/sample locator, not administrative centre)",2026-10-03,not asserted
way,605490516,仕尾沙岛,仕尾沙岛,,islet,coastline,2,2022-06-18T15:38:29Z,https://www.openstreetmap.org/way/605490516,True,True,"[110.5670682, 20.0933922, 110.5673257, 20.0935736]","[110.5670682, 20.0933922, 110.5673257, 20.0935736]","[110.56721423143605, 20.09347785]",110.56721423143605,20.09347785,"OGR PointOnSurface of valid source polygon (display/sample locator, not administrative centre)",2026-10-03,not asserted
way,703452478,独屋岛,独屋岛,,islet,coastline,2,2022-06-18T15:38:29Z,https://www.openstreetmap.org/way/703452478,True,True,"[110.6243634, 20.1081127, 110.6249589, 20.1086466]","[110.6243634, 20.1081127, 110.6249589, 20.1086466]","[110.62469833935367, 20.108334300000003]",110.62469833935367,20.108334300000003,"OGR PointOnSurface of valid source polygon (display/sample locator, not administrative centre)",2026-10-03,not asserted
way,703452479,谈文南岛,谈文南岛,,islet,coastline,2,2022-06-18T15:38:29Z,https://www.openstreetmap.org/way/703452479,True,True,"[110.6257474, 20.1095785, 110.6259674, 20.1098052]","[110.6257474, 20.1095785, 110.6259674, 20.1098052]","[110.62585777127094, 20.109694400000002]",110.62585777127094,20.109694400000002,"OGR PointOnSurface of valid source polygon (display/sample locator, not administrative centre)",2026-10-03,not asserted
way,703452481,谈文岛,谈文岛,,islet,coastline,2,2022-06-18T15:38:29Z,https://www.openstreetmap.org/way/703452481,True,True,"[110.6258708, 20.1114726, 110.6265736, 20.1119159]","[110.6258708, 20.1114726, 110.6265736, 20.1119159]","[110.62618807155036, 20.1117219]",110.62618807155036,20.1117219,"OGR PointOnSurface of valid source polygon (display/sample locator, not administrative centre)",2026-10-03,not asserted
way,703452482,飞鹰岛,飞鹰岛,,islet,coastline,2,2022-06-18T15:38:29Z,https://www.openstreetmap.org/way/703452482,True,True,"[110.6297922, 20.1128981, 110.6300068, 20.113145]","[110.6297922, 20.1128981, 110.6300068, 20.113145]","[110.62990929819381, 20.1129989]",110.62990929819381,20.1129989,"OGR PointOnSurface of valid source polygon (display/sample locator, not administrative centre)",2026-10-03,not asserted
way,703452484,铁砧石,铁砧石,,islet,coastline,2,2022-06-18T15:38:29Z,https://www.openstreetmap.org/way/703452484,True,True,"[110.6265199, 20.113553, 110.6269437, 20.1141474]","[110.6265199, 20.113553, 110.6269437, 20.1141474]","[110.62675080474659, 20.11379225]",110.62675080474659,20.11379225,"OGR PointOnSurface of valid source polygon (display/sample locator, not administrative centre)",2026-10-03,not asserted
way,703452485,叠岩岛,叠岩岛,,islet,coastline,2,2022-06-18T15:38:29Z,https://www.openstreetmap.org/way/703452485,True,True,"[110.619868, 20.1110998, 110.6200826, 20.1112358]","[110.619868, 20.1110998, 110.6200826, 20.1112358]","[110.61998485007354, 20.1111829]",110.61998485007354,20.1111829,"OGR PointOnSurface of valid source polygon (display/sample locator, not administrative centre)",2026-10-03,not asserted
way,703452488,民石,民石,,islet,coastline,2,2022-06-18T15:38:29Z,https://www.openstreetmap.org/way/703452488,True,True,"[110.6008995, 20.1119713, 110.6013232, 20.1122987]","[110.6008995, 20.1119713, 110.6013232, 20.1122987]","[110.60115128179717, 20.11217025]",110.60115128179717,20.11217025,"OGR PointOnSurface of valid source polygon (display/sample locator, not administrative centre)",2026-10-03,not asserted
way,724359480,东新沙洲,东新沙洲,,islet,coastline,9,2026-01-20T07:34:25Z,https://www.openstreetmap.org/way/724359480,True,True,"[112.3441603, 16.9248367, 112.3443796, 16.925019]","[112.3441603, 16.9248367, 112.3443796, 16.925019]","[112.34426434617646, 16.9249308]",112.34426434617646,16.9249308,"OGR PointOnSurface of valid source polygon (display/sample locator, not administrative centre)",2026-10-03,not asserted
way,759111371,西沙洲,西沙洲,,islet,coastline,16,2025-07-28T15:41:26Z,https://www.openstreetmap.org/way/759111371,True,True,"[112.2077655, 16.975821, 112.2158573, 16.979718]","[112.2077655, 16.975821, 112.2158573, 16.979718]","[112.21203095039141, 16.9777789]",112.21203095039141,16.9777789,"OGR PointOnSurface of valid source polygon (display/sample locator, not administrative centre)",2026-10-03,not asserted
way,794435650,银屿东岛,银屿东岛,,islet,coastline,3,2025-05-12T18:03:53Z,https://www.openstreetmap.org/way/794435650,True,True,"[111.7063424, 16.5777195, 111.7070988, 16.5782028]","[111.7063424, 16.5777195, 111.7070988, 16.5782028]","[111.7067450098207, 16.57796245]",111.7067450098207,16.57796245,"OGR PointOnSurface of valid source polygon (display/sample locator, not administrative centre)",2026-10-03,not asserted
way,794435651,银屿仔西岛,银屿仔西岛,,islet,coastline,4,2021-07-25T00:49:55Z,https://www.openstreetmap.org/way/794435651,True,True,"[111.6930334, 16.584844, 111.6934379, 16.5853194]","[111.6930334, 16.584844, 111.6934379, 16.5853194]","[111.6931329787769, 16.58506655]",111.6931329787769,16.58506655,"OGR PointOnSurface of valid source polygon (display/sample locator, not administrative centre)",2026-10-03,not asserted
way,794435652,广金北一岛,广金北一岛,,islet,coastline,5,2021-07-25T00:49:55Z,https://www.openstreetmap.org/way/794435652,True,True,"[111.6984594, 16.4547688, 111.6989905, 16.4551315]","[111.6984594, 16.4547688, 111.6989905, 16.4551315]","[111.69876168190476, 16.4549443]",111.69876168190476,16.4549443,"OGR PointOnSurface of valid source polygon (display/sample locator, not administrative centre)",2026-10-03,not asserted
way,794435653,广金北二岛,广金北二岛,,islet,coastline,4,2020-06-24T14:15:42Z,https://www.openstreetmap.org/way/794435653,True,True,"[111.6980168, 16.4547868, 111.6982448, 16.4548755]","[111.6980168, 16.4547868, 111.6982448, 16.4548755]","[111.69808027192556, 16.454833700000002]",111.69808027192556,16.454833700000002,"OGR PointOnSurface of valid source polygon (display/sample locator, not administrative centre)",2026-10-03,not asserted
way,794435654,广金西岛,广金西岛,,islet,coastline,4,2021-07-25T00:49:55Z,https://www.openstreetmap.org/way/794435654,True,True,"[111.6954835, 16.4521424, 111.6957557, 16.452316]","[111.6954835, 16.4521424, 111.6957557, 16.452316]","[111.69561561454974, 16.4522266]",111.69561561454974,16.4522266,"OGR PointOnSurface of valid source polygon (display/sample locator, not administrative centre)",2026-10-03,not asserted
way,794435655,筐仔北岛,筐仔北岛,,islet,coastline,12,2026-05-30T08:27:13Z,https://www.openstreetmap.org/way/794435655,True,True,"[111.6063864, 16.4518655, 111.6070049, 16.4525688]","[111.6063864, 16.4518655, 111.6070049, 16.4525688]","[111.60671642836074, 16.45219475]",111.60671642836074,16.45219475,"OGR PointOnSurface of valid source polygon (display/sample locator, not administrative centre)",2026-10-03,not asserted
way,794435656,老粗峙仔岛,老粗峙仔岛,,islet,coastline,9,2026-05-26T10:21:21Z,https://www.openstreetmap.org/way/794435656,True,True,"[111.6193242, 16.5417057, 111.6203775, 16.5429017]","[111.6193242, 16.5417057, 111.6203775, 16.5429017]","[111.6198847148018, 16.5423403]",111.6198847148018,16.5423403,"OGR PointOnSurface of valid source polygon (display/sample locator, not administrative centre)",2026-10-03,not asserted
way,794435657,尾峙仔岛,尾峙仔岛,,islet,coastline,3,2021-06-23T19:55:21Z,https://www.openstreetmap.org/way/794435657,True,True,"[111.5175786, 16.4467637, 111.5177538, 16.4473035]","[111.5175786, 16.4467637, 111.5177538, 16.4473035]","[111.51764971066997, 16.44707555]",111.51764971066997,16.44707555,"OGR PointOnSurface of valid source polygon (display/sample locator, not administrative centre)",2026-10-03,not asserted
way,794435658,金银东岛,金银东岛,,islet,coastline,10,2026-05-26T10:22:07Z,https://www.openstreetmap.org/way/794435658,True,True,"[111.5236928, 16.4419638, 111.5281645, 16.4469825]","[111.5236928, 16.4419638, 111.5281645, 16.4469825]","[111.52605424511296, 16.44454305]",111.52605424511296,16.44454305,"OGR PointOnSurface of valid source polygon (display/sample locator, not administrative centre)",2026-10-03,not asserted
way,795081113,全富岛,全富岛,Quanfu Island,islet,coastline,15,2025-07-28T15:41:26Z,https://www.openstreetmap.org/way/795081113,True,True,"[111.6710446, 16.5734413, 111.6748213, 16.5755747]","[111.6710446, 16.5734413, 111.6748213, 16.5755747]","[111.67307809999572, 16.5745641]",111.67307809999572,16.5745641,"OGR PointOnSurface of valid source polygon (display/sample locator, not administrative centre)",2026-10-03,not asserted
way,795081114,全富仔,全富仔,,islet,coastline,7,2026-05-26T10:21:21Z,https://www.openstreetmap.org/way/795081114,True,True,"[111.6815345, 16.5715793, 111.682309, 16.5720615]","[111.6815345, 16.5715793, 111.682309, 16.5720615]","[111.68188240894787, 16.5718085]",111.68188240894787,16.5718085,"OGR PointOnSurface of valid source polygon (display/sample locator, not administrative centre)",2026-10-03,not asserted
way,795084057,银屿仔,银屿仔,Silver Inlet,islet,coastline,8,2025-05-12T18:03:53Z,https://www.openstreetmap.org/way/795084057,True,True,"[111.7021689, 16.5815498, 111.7032069, 16.5825421]","[111.7021689, 16.5815498, 111.7032069, 16.5825421]","[111.70252650343895, 16.5820061]",111.70252650343895,16.5820061,"OGR PointOnSurface of valid source polygon (display/sample locator, not administrative centre)",2026-10-03,not asserted
way,819128629,珊瑚东暗沙,珊瑚东暗沙,E. Shanhu Shoal,islet,reef,10,2026-05-26T10:21:21Z,https://www.openstreetmap.org/way/819128629,True,True,"[111.6262845, 16.5324767, 111.6296244, 16.5344379]","[111.6262845, 16.5324767, 111.6296244, 16.5344379]","[111.62795073793754, 16.533486850000003]",111.62795073793754,16.533486850000003,"OGR PointOnSurface of valid source polygon (display/sample locator, not administrative centre)",2026-10-03,not asserted
way,848884404,北礁,北礁,North Reef,islet,coastline,2,2021-09-22T05:51:25Z,https://www.openstreetmap.org/way/848884404,True,True,"[111.4648303, 17.066097, 111.4649543, 17.066215]","[111.4648303, 17.066097, 111.4649543, 17.066215]","[111.464880905418, 17.066153749999998]",111.464880905418,17.066153749999998,"OGR PointOnSurface of valid source polygon (display/sample locator, not administrative centre)",2026-10-03,not asserted
way,1270883016,奎星岛,奎星岛,,islet,,1,2024-04-08T13:01:41Z,https://www.openstreetmap.org/way/1270883016,True,True,"[110.5097113, 19.9771832, 110.5115966, 19.9786279]","[110.5097113, 19.9771832, 110.5115966, 19.9786279]","[110.51085039843207, 19.9779371]",110.51085039843207,19.9779371,"OGR PointOnSurface of valid source polygon (display/sample locator, not administrative centre)",2026-10-03,not asserted
way,1352853358,宪法暗沙,宪法暗沙,Truro Shoal,,reef,2,2025-05-05T00:22:26Z,https://www.openstreetmap.org/way/1352853358,True,True,"[116.6523668, 16.5910136, 116.7732943, 16.6344591]","[116.6523668, 16.5910136, 116.7732943, 16.6344591]","[116.69522375888312, 16.6123944]",116.69522375888312,16.6123944,"OGR PointOnSurface of valid source polygon (display/sample locator, not administrative centre)",2026-10-03,not asserted
way,1385848049,金银东岛,金银东岛,,islet,coastline,1,2025-05-12T16:35:46Z,https://www.openstreetmap.org/way/1385848049,True,True,"[111.5280934, 16.4411136, 111.5291009, 16.4418317]","[111.5280934, 16.4411136, 111.5291009, 16.4418317]","[111.52843077247371, 16.44142685]",111.52843077247371,16.44142685,"OGR PointOnSurface of valid source polygon (display/sample locator, not administrative centre)",2026-10-03,not asserted
way,1385848050,金银东岛,金银东岛,,islet,coastline,2,2025-05-12T16:46:28Z,https://www.openstreetmap.org/way/1385848050,True,True,"[111.5304473, 16.4403926, 111.5309187, 16.4407324]","[111.5304473, 16.4403926, 111.5309187, 16.4407324]","[111.53068802192436, 16.440540400000003]",111.53068802192436,16.440540400000003,"OGR PointOnSurface of valid source polygon (display/sample locator, not administrative centre)",2026-10-03,not asserted
way,1385848051,金银东岛,金银东岛,,islet,coastline,1,2025-05-12T16:35:46Z,https://www.openstreetmap.org/way/1385848051,True,True,"[111.5359432, 16.4456304, 111.5364896, 16.4461589]","[111.5359432, 16.4456304, 111.5364896, 16.4461589]","[111.5362016664089, 16.4459114]",111.5362016664089,16.4459114,"OGR PointOnSurface of valid source polygon (display/sample locator, not administrative centre)",2026-10-03,not asserted
way,1385848052,金银东岛,金银东岛,,islet,coastline,1,2025-05-12T16:35:46Z,https://www.openstreetmap.org/way/1385848052,True,True,"[111.5293786, 16.4410272, 111.5297405, 16.4414191]","[111.5293786, 16.4410272, 111.5297405, 16.4414191]","[111.52957087768786, 16.44122025]",111.52957087768786,16.44122025,"OGR PointOnSurface of valid source polygon (display/sample locator, not administrative centre)",2026-10-03,not asserted
way,1385848053,金银东岛,金银东岛,,islet,coastline,4,2026-05-26T10:22:07Z,https://www.openstreetmap.org/way/1385848053,True,True,"[111.522401, 16.4423542, 111.5231165, 16.4445767]","[111.522401, 16.4423542, 111.5231165, 16.4445767]","[111.52281711237765, 16.44361265]",111.52281711237765,16.44361265,"OGR PointOnSurface of valid source polygon (display/sample locator, not administrative centre)",2026-10-03,not asserted
