id,west,south,east,north,display_x_m,display_y_m,total_display_pixels,accepted_display_pixels,quality_rejected_display_pixels,no_observation_display_pixels,rgb_zero_display_pixels,inferred_mainland_display_pixels,inferred_mainland_accepted,inferred_mainland_rejected,dates,preview,metadata
0-599-109,110.40768000000001,20.090880000000002,110.59200000000001,20.2752,9.403597515789372,10.0188,4194304,4193880,424,0,0,15496,15496,0,2025-01-06;2025-01-11;2025-03-27,tiles/0-599-109.webp,metadata/0-599-109.json
0-600-109,110.59200000000001,20.090880000000002,110.77632000000001,20.2752,9.403597515789372,10.0188,4194304,4187839,6465,0,0,424568,421969,2599,2025-01-06;2025-01-11;2025-03-27,tiles/0-600-109.webp,metadata/0-600-109.json
0-592-108,109.11744,19.906560000000002,109.30176,20.090880000000002,9.41466897846101,10.0188,4194304,4194094,210,0,0,4796,4796,0,2025-01-06;2025-01-21;2025-04-21,tiles/0-592-108.webp,metadata/0-592-108.json
0-593-108,109.30176,19.906560000000002,109.48608,20.090880000000002,9.41466897846101,10.0188,4194304,4194304,0,0,0,20562,20562,0,2025-01-06;2025-04-21,tiles/0-593-108.webp,metadata/0-593-108.json
0-594-108,109.48608,19.906560000000002,109.6704,20.090880000000002,9.41466897846101,10.0188,4194304,4194272,32,0,0,1233819,1233787,32,2025-01-06;2025-04-21,tiles/0-594-108.webp,metadata/0-594-108.json
0-595-108,109.6704,19.906560000000002,109.85472,20.090880000000002,9.41466897846101,10.0188,4194304,4194276,28,0,0,1559435,1559407,28,2025-01-06;2025-01-21;2025-04-21,tiles/0-595-108.webp,metadata/0-595-108.json
0-596-108,109.85472,19.906560000000002,110.03904,20.090880000000002,9.41466897846101,10.0188,4194304,4193897,407,0,0,1161006,1160659,347,2025-01-06;2025-01-21;2025-04-21,tiles/0-596-108.webp,metadata/0-596-108.json
0-597-108,110.03904,19.906560000000002,110.22336,20.090880000000002,9.41466897846101,10.0188,4194304,4194304,0,0,0,2449323,2449323,0,2025-01-06;2025-01-11;2025-03-27;2025-04-21,tiles/0-597-108.webp,metadata/0-597-108.json
0-598-108,110.22336000000001,19.906560000000002,110.40768000000001,20.090880000000002,9.41466897846101,10.0188,4194304,4194071,233,0,0,3237068,3237049,19,2025-01-06;2025-01-11;2025-03-27,tiles/0-598-108.webp,metadata/0-598-108.json
0-599-108,110.40768000000001,19.906560000000002,110.59200000000001,20.090880000000002,9.41466897846101,10.0188,4194304,4193552,752,0,0,2633568,2633568,0,2025-01-06;2025-01-11;2025-03-27,tiles/0-599-108.webp,metadata/0-599-108.json
0-600-108,110.59200000000001,19.906560000000002,110.77632000000001,20.090880000000002,9.41466897846101,10.0188,4194304,4188932,5372,0,0,3484283,3482503,1780,2025-01-06;2025-01-11;2025-03-27,tiles/0-600-108.webp,metadata/0-600-108.json
0-601-108,110.77632000000001,19.906560000000002,110.96064000000001,20.090880000000002,9.41466897846101,10.0188,4194304,4186395,7909,0,0,2089905,2087772,2133,2025-01-06;2025-01-11;2025-03-27,tiles/0-601-108.webp,metadata/0-601-108.json
0-602-108,110.96064000000001,19.906560000000002,111.14496000000001,20.090880000000002,9.41466897846101,10.0188,4194304,4044349,3462,146493,0,15533,15259,274,2025-01-03;2025-01-06;2025-01-11;2025-03-27;2025-04-23,tiles/0-602-108.webp,metadata/0-602-108.json
0-592-107,109.11744,19.722240000000003,109.30176,19.906560000000002,9.425643008522114,10.0188,4194304,4194026,278,0,0,1855618,1855618,0,2025-01-06;2025-01-31;2025-03-02;2025-03-27;2025-04-21;2025-07-17,tiles/0-592-107.webp,metadata/0-592-107.json
0-593-107,109.30176,19.722240000000003,109.48608,19.906560000000002,9.425643008522114,10.0188,4194304,4194304,0,0,0,3371610,3371610,0,2025-01-06;2025-01-21;2025-03-27;2025-04-21,tiles/0-593-107.webp,metadata/0-593-107.json
0-594-107,109.48608,19.722240000000003,109.6704,19.906560000000002,9.425643008522114,10.0188,4194304,4194304,0,0,0,3825427,3825427,0,2025-01-06;2025-01-21;2025-03-27;2025-04-21,tiles/0-594-107.webp,metadata/0-594-107.json
0-595-107,109.6704,19.722240000000003,109.85472,19.906560000000002,9.425643008522114,10.0188,4194304,4194300,4,0,0,4191684,4191680,4,2025-01-06;2025-01-21;2025-03-02;2025-03-27;2025-04-21;2025-07-17,tiles/0-595-107.webp,metadata/0-595-107.json
0-596-107,109.85472,19.722240000000003,110.03904,19.906560000000002,9.425643008522114,10.0188,4194304,4194220,84,0,0,4189567,4189483,84,2025-01-06;2025-01-21;2025-03-02;2025-03-27;2025-04-21;2025-07-17,tiles/0-596-107.webp,metadata/0-596-107.json
0-597-107,110.03904,19.722240000000003,110.22336,19.906560000000002,9.425643008522114,10.0188,4194304,4194300,4,0,0,4194304,4194300,4,2025-01-06;2025-01-11;2025-03-27;2025-04-21,tiles/0-597-107.webp,metadata/0-597-107.json
0-598-107,110.22336000000001,19.722240000000003,110.40768000000001,19.906560000000002,9.425643008522114,10.0188,4194304,4194298,6,0,0,4131631,4131625,6,2025-01-06;2025-01-11;2025-03-27,tiles/0-598-107.webp,metadata/0-598-107.json
0-599-107,110.40768000000001,19.722240000000003,110.59200000000001,19.906560000000002,9.425643008522114,10.0188,4194304,4194284,20,0,0,4157520,4157500,20,2025-01-06;2025-01-11;2025-03-27,tiles/0-599-107.webp,metadata/0-599-107.json
0-600-107,110.59200000000001,19.722240000000003,110.77632000000001,19.906560000000002,9.425643008522114,10.0188,4194304,4194292,12,0,0,4185164,4185152,12,2025-01-06;2025-01-11;2025-03-27,tiles/0-600-107.webp,metadata/0-600-107.json
0-601-107,110.77632000000001,19.722240000000003,110.96064000000001,19.906560000000002,9.425643008522114,10.0188,4194304,4194294,10,0,0,4194304,4194294,10,2025-01-06;2025-01-11;2025-03-27,tiles/0-601-107.webp,metadata/0-601-107.json
0-602-107,110.96064000000001,19.722240000000003,111.14496000000001,19.906560000000002,9.425643008522114,10.0188,4194304,4188879,5425,0,0,697627,697180,447,2025-01-03;2025-01-06;2025-01-11;2025-01-21;2025-03-24;2025-03-27,tiles/0-602-107.webp,metadata/0-602-107.json
0-591-106,108.93312,19.53792,109.11744,19.72224,9.436519492402208,10.0188,4194304,4193945,359,0,0,963083,963081,2,2025-01-06;2025-01-31;2025-03-02;2025-03-27,tiles/0-591-106.webp,metadata/0-591-106.json
0-592-106,109.11744,19.53792,109.30176,19.72224,9.436519492402208,10.0188,4194304,4193840,464,0,0,3283431,3283419,12,2025-01-06;2025-01-31;2025-03-02;2025-03-27;2025-07-17,tiles/0-592-106.webp,metadata/0-592-106.json
0-593-106,109.30176,19.53792,109.48608,19.72224,9.436519492402208,10.0188,4194304,4194269,35,0,0,4169665,4169630,35,2025-01-06;2025-03-02;2025-03-27;2025-07-17,tiles/0-593-106.webp,metadata/0-593-106.json
0-594-106,109.48608,19.53792,109.6704,19.72224,9.436519492402208,10.0188,4194304,4194304,0,0,0,4194304,4194304,0,2025-01-06;2025-03-27,tiles/0-594-106.webp,metadata/0-594-106.json
0-595-106,109.6704,19.53792,109.85472,19.72224,9.436519492402208,10.0188,4194304,4194304,0,0,0,4194304,4194304,0,2025-01-06;2025-03-27,tiles/0-595-106.webp,metadata/0-595-106.json
0-596-106,109.85472,19.53792,110.03904,19.72224,9.436519492402208,10.0188,4194304,4194200,104,0,0,4194304,4194200,104,2025-01-06;2025-03-02;2025-03-27;2025-07-17,tiles/0-596-106.webp,metadata/0-596-106.json
0-597-106,110.03904,19.53792,110.22336,19.72224,9.436519492402208,10.0188,4194304,4194304,0,0,0,4194304,4194304,0,2025-01-06;2025-01-11;2025-03-27,tiles/0-597-106.webp,metadata/0-597-106.json
0-598-106,110.22336000000001,19.53792,110.40768000000001,19.72224,9.436519492402208,10.0188,4194304,4194304,0,0,0,4144378,4144378,0,2025-01-11;2025-03-27,tiles/0-598-106.webp,metadata/0-598-106.json
0-599-106,110.40768000000001,19.53792,110.59200000000001,19.72224,9.436519492402208,10.0188,4194304,4194282,22,0,0,4194304,4194282,22,2025-01-11;2025-03-27,tiles/0-599-106.webp,metadata/0-599-106.json
0-600-106,110.59200000000001,19.53792,110.77632000000001,19.72224,9.436519492402208,10.0188,4194304,4194272,32,0,0,4189489,4189457,32,2025-01-11;2025-03-27,tiles/0-600-106.webp,metadata/0-600-106.json
0-601-106,110.77632000000001,19.53792,110.96064000000001,19.72224,9.436519492402208,10.0188,4194304,4193918,386,0,0,3298464,3298350,114,2025-01-11;2025-01-21;2025-03-27,tiles/0-601-106.webp,metadata/0-601-106.json
0-602-106,110.96064000000001,19.53792,111.14496000000001,19.72224,9.436519492402208,10.0188,4194304,4191255,3049,0,0,607669,606843,826,2025-01-11;2025-01-21;2025-03-24;2025-03-27;2025-04-23,tiles/0-602-106.webp,metadata/0-602-106.json
0-589-105,108.56448,19.3536,108.7488,19.53792,9.447298317540332,10.0188,4194304,4194296,8,0,0,168581,168581,0,2025-01-04;2025-01-06;2025-01-24;2025-01-31;2025-03-27;2025-10-16,tiles/0-589-105.webp,metadata/0-589-105.json
0-590-105,108.7488,19.3536,108.93312,19.53792,9.447298317540332,10.0188,4194304,4194292,12,0,0,2024265,2024265,0,2025-01-04;2025-01-06;2025-01-31;2025-03-27,tiles/0-590-105.webp,metadata/0-590-105.json
0-591-105,108.93312,19.3536,109.11744,19.53792,9.447298317540332,10.0188,4194304,4194304,0,0,0,4062446,4062446,0,2025-01-06;2025-01-31;2025-03-27,tiles/0-591-105.webp,metadata/0-591-105.json
0-592-105,109.11744,19.3536,109.30176,19.53792,9.447298317540332,10.0188,4194304,4194304,0,0,0,4194304,4194304,0,2025-01-06;2025-03-27,tiles/0-592-105.webp,metadata/0-592-105.json
0-593-105,109.30176,19.3536,109.48608,19.53792,9.447298317540332,10.0188,4194304,4194304,0,0,0,4194304,4194304,0,2025-01-06;2025-03-27,tiles/0-593-105.webp,metadata/0-593-105.json
0-594-105,109.48608,19.3536,109.6704,19.53792,9.447298317540332,10.0188,4194304,4194233,71,0,0,4194304,4194233,71,2025-01-06;2025-03-02;2025-03-27;2025-07-17,tiles/0-594-105.webp,metadata/0-594-105.json
0-595-105,109.6704,19.3536,109.85472,19.53792,9.447298317540332,10.0188,4194304,4194128,176,0,0,4194304,4194128,176,2025-01-06;2025-03-02;2025-03-27;2025-07-17,tiles/0-595-105.webp,metadata/0-595-105.json
0-596-105,109.85472,19.3536,110.03904,19.53792,9.447298317540332,10.0188,4194304,4193226,1078,0,0,4194304,4193226,1078,2025-01-06;2025-03-02;2025-03-27;2025-07-17,tiles/0-596-105.webp,metadata/0-596-105.json
0-597-105,110.03904,19.3536,110.22336,19.53792,9.447298317540332,10.0188,4194304,4194175,129,0,0,4194304,4194175,129,2025-01-06;2025-01-11;2025-01-21;2025-03-02;2025-03-27;2025-07-17,tiles/0-597-105.webp,metadata/0-597-105.json
0-598-105,110.22336000000001,19.3536,110.40768000000001,19.53792,9.447298317540332,10.0188,4194304,4194300,4,0,0,4194304,4194300,4,2025-01-11;2025-03-27,tiles/0-598-105.webp,metadata/0-598-105.json
0-599-105,110.40768000000001,19.3536,110.59200000000001,19.53792,9.447298317540332,10.0188,4194304,4194288,16,0,0,4194304,4194288,16,2025-01-11;2025-01-21;2025-03-27,tiles/0-599-105.webp,metadata/0-599-105.json
0-600-105,110.59200000000001,19.3536,110.77632000000001,19.53792,9.447298317540332,10.0188,4194304,4194084,220,0,0,3323081,3323073,8,2025-01-11;2025-01-21;2025-03-27,tiles/0-600-105.webp,metadata/0-600-105.json
0-601-105,110.77632000000001,19.3536,110.96064000000001,19.53792,9.447298317540332,10.0188,4194304,4193099,1205,0,0,281210,280830,380,2025-01-11;2025-01-21;2025-03-27,tiles/0-601-105.webp,metadata/0-601-105.json
0-589-104,108.56448,19.16928,108.7488,19.3536,9.457979372386188,10.0188,4194304,4194304,0,0,0,1957327,1957327,0,2025-01-04;2025-01-06;2025-01-24;2025-01-31;2025-03-27,tiles/0-589-104.webp,metadata/0-589-104.json
0-590-104,108.7488,19.16928,108.93312,19.3536,9.457979372386188,10.0188,4194304,4194304,0,0,0,4194304,4194304,0,2025-01-06;2025-01-31;2025-03-27,tiles/0-590-104.webp,metadata/0-590-104.json
0-591-104,108.93312,19.16928,109.11744,19.3536,9.457979372386188,10.0188,4194304,4194268,36,0,0,4194304,4194268,36,2025-01-06;2025-01-31;2025-03-27,tiles/0-591-104.webp,metadata/0-591-104.json
0-592-104,109.11744,19.16928,109.30176,19.3536,9.457979372386188,10.0188,4194304,4194304,0,0,0,4194304,4194304,0,2025-01-06;2025-03-27,tiles/0-592-104.webp,metadata/0-592-104.json
0-593-104,109.30176,19.16928,109.48608,19.3536,9.457979372386188,10.0188,4194304,4194304,0,0,0,4194304,4194304,0,2025-01-06;2025-03-27,tiles/0-593-104.webp,metadata/0-593-104.json
0-594-104,109.48608,19.16928,109.6704,19.3536,9.457979372386188,10.0188,4194304,4194304,0,0,0,4194304,4194304,0,2025-01-06;2025-03-02;2025-03-27,tiles/0-594-104.webp,metadata/0-594-104.json
0-595-104,109.6704,19.16928,109.85472,19.3536,9.457979372386188,10.0188,4194304,4193279,1025,0,0,4194304,4193279,1025,2025-01-06;2025-03-02;2025-03-27;2025-07-17,tiles/0-595-104.webp,metadata/0-595-104.json
0-596-104,109.85472,19.16928,110.03904,19.3536,9.457979372386188,10.0188,4194304,4191836,2468,0,0,4194304,4191836,2468,2025-01-06;2025-03-02;2025-03-27;2025-07-17,tiles/0-596-104.webp,metadata/0-596-104.json
0-597-104,110.03904,19.16928,110.22336,19.3536,9.457979372386188,10.0188,4194304,4194304,0,0,0,4194304,4194304,0,2025-01-06;2025-01-11;2025-03-27,tiles/0-597-104.webp,metadata/0-597-104.json
0-598-104,110.22336000000001,19.16928,110.40768000000001,19.3536,9.457979372386188,10.0188,4194304,4194274,30,0,0,4159262,4159244,18,2025-01-11;2025-03-27,tiles/0-598-104.webp,metadata/0-598-104.json
0-599-104,110.40768000000001,19.16928,110.59200000000001,19.3536,9.457979372386188,10.0188,4194304,4193893,411,0,0,4122238,4122057,181,2025-01-11;2025-01-21;2025-03-27,tiles/0-599-104.webp,metadata/0-599-104.json
0-600-104,110.59200000000001,19.16928,110.77632000000001,19.3536,9.457979372386188,10.0188,4194304,4189034,5270,0,0,922310,921628,682,2025-01-11;2025-01-21;2025-03-27,tiles/0-600-104.webp,metadata/0-600-104.json
0-589-103,108.56448,18.98496,108.7488,19.16928,9.468562546401316,10.0188,4194304,4194304,0,0,0,2413678,2413678,0,2025-01-04;2025-01-06;2025-01-24;2025-01-31;2025-03-27;2025-10-16,tiles/0-589-103.webp,metadata/0-589-103.json
0-590-103,108.7488,18.98496,108.93312,19.16928,9.468562546401316,10.0188,4194304,4194304,0,0,0,4194304,4194304,0,2025-01-06;2025-01-31;2025-03-27,tiles/0-590-103.webp,metadata/0-590-103.json
0-591-103,108.93312,18.98496,109.11744,19.16928,9.468562546401316,10.0188,4194304,4194152,152,0,0,4194304,4194152,152,2025-01-06;2025-01-31;2025-03-27,tiles/0-591-103.webp,metadata/0-591-103.json
0-592-103,109.11744,18.98496,109.30176,19.16928,9.468562546401316,10.0188,4194304,4194304,0,0,0,4194304,4194304,0,2025-01-06;2025-03-27,tiles/0-592-103.webp,metadata/0-592-103.json
0-593-103,109.30176,18.98496,109.48608,19.16928,9.468562546401316,10.0188,4194304,4194304,0,0,0,4194304,4194304,0,2025-01-06;2025-03-02;2025-03-27,tiles/0-593-103.webp,metadata/0-593-103.json
0-594-103,109.48608,18.98496,109.6704,19.16928,9.468562546401316,10.0188,4194304,4194202,102,0,0,4194304,4194202,102,2025-01-06;2025-03-02;2025-03-27;2025-07-17,tiles/0-594-103.webp,metadata/0-594-103.json
0-595-103,109.6704,18.98496,109.85472,19.16928,9.468562546401316,10.0188,4194304,4193768,536,0,0,4194304,4193768,536,2025-01-06;2025-01-11;2025-03-02;2025-03-27;2025-07-17,tiles/0-595-103.webp,metadata/0-595-103.json
0-596-103,109.85472,18.98496,110.03904,19.16928,9.468562546401316,10.0188,4194304,4193081,1223,0,0,4194304,4193081,1223,2025-01-06;2025-01-11;2025-03-02;2025-03-27;2025-07-17,tiles/0-596-103.webp,metadata/0-596-103.json
0-597-103,110.03904,18.98496,110.22336,19.16928,9.468562546401316,10.0188,4194304,4193897,407,0,0,4194304,4193897,407,2025-01-06;2025-01-11;2025-01-21;2025-03-02;2025-03-27;2025-07-17,tiles/0-597-103.webp,metadata/0-597-103.json
0-598-103,110.22336000000001,18.98496,110.40768000000001,19.16928,9.468562546401316,10.0188,4194304,4194284,20,0,0,4188341,4188321,20,2025-01-11;2025-03-27,tiles/0-598-103.webp,metadata/0-598-103.json
0-599-103,110.40768000000001,18.98496,110.59200000000001,19.16928,9.468562546401316,10.0188,4194304,4179216,15088,0,0,3279675,3272008,7667,2025-01-11;2025-01-21;2025-03-27;2025-09-15,tiles/0-599-103.webp,metadata/0-599-103.json
0-589-102,108.56448,18.80064,108.7488,18.98496,9.479047730060218,10.0188,4194304,4194070,234,0,0,2321886,2321652,234,2025-01-04;2025-01-06;2025-01-31;2025-03-22;2025-03-27;2025-06-25;2025-11-22;2025-12-20,tiles/0-589-102.webp,metadata/0-589-102.json
0-590-102,108.7488,18.80064,108.93312,18.98496,9.479047730060218,10.0188,4194304,4192066,2238,0,0,4194304,4192066,2238,2025-01-06;2025-01-31;2025-03-22;2025-06-25;2025-11-22,tiles/0-590-102.webp,metadata/0-590-102.json
0-591-102,108.93312,18.80064,109.11744,18.98496,9.479047730060218,10.0188,4194304,4194260,44,0,0,4194304,4194260,44,2025-01-06;2025-01-31;2025-03-22;2025-03-27;2025-06-25;2025-11-22,tiles/0-591-102.webp,metadata/0-591-102.json
0-592-102,109.11744,18.80064,109.30176,18.98496,9.479047730060218,10.0188,4194304,4194304,0,0,0,4194304,4194304,0,2025-01-06;2025-01-11;2025-03-27,tiles/0-592-102.webp,metadata/0-592-102.json
0-593-102,109.30176,18.80064,109.48608,18.98496,9.479047730060218,10.0188,4194304,4194304,0,0,0,4194304,4194304,0,2025-01-06;2025-03-27,tiles/0-593-102.webp,metadata/0-593-102.json
0-594-102,109.48608,18.80064,109.6704,18.98496,9.479047730060218,10.0188,4194304,4194086,218,0,0,4194304,4194086,218,2025-01-06;2025-01-11;2025-03-02;2025-03-22;2025-03-27;2025-07-17,tiles/0-594-102.webp,metadata/0-594-102.json
0-595-102,109.6704,18.80064,109.85472,18.98496,9.479047730060218,10.0188,4194304,4193936,368,0,0,4194304,4193936,368,2025-01-06;2025-01-11;2025-03-02;2025-03-22;2025-03-27;2025-07-17,tiles/0-595-102.webp,metadata/0-595-102.json
0-596-102,109.85472,18.80064,110.03904,18.98496,9.479047730060218,10.0188,4194304,4190714,3590,0,0,4194304,4190714,3590,2025-01-06;2025-01-11;2025-03-22;2025-03-27,tiles/0-596-102.webp,metadata/0-596-102.json
0-597-102,110.03904,18.80064,110.22336,18.98496,9.479047730060218,10.0188,4194304,4191239,3065,0,0,4194304,4191239,3065,2025-01-06;2025-01-11;2025-03-27;2025-07-17;2025-09-15;2025-10-03,tiles/0-597-102.webp,metadata/0-597-102.json
0-598-102,110.22336000000001,18.80064,110.40768000000001,18.98496,9.479047730060218,10.0188,4194304,4096929,97375,0,0,4194304,4096929,97375,2025-01-06;2025-01-11;2025-03-27;2025-07-17;2025-09-15;2025-10-03,tiles/0-598-102.webp,metadata/0-598-102.json
0-599-102,110.40768000000001,18.80064,110.59200000000001,18.98496,9.479047730060218,10.0188,4194304,4189388,4916,0,0,1921980,1917585,4395,2025-01-06;2025-01-11;2025-01-21;2025-03-27;2025-07-17;2025-09-15;2025-10-03,tiles/0-599-102.webp,metadata/0-599-102.json
0-589-101,108.56448,18.61632,108.7488,18.80064,9.489434814851508,10.0188,4194304,4188035,6269,0,0,1259857,1253735,6122,2025-01-31;2025-03-22;2025-06-25;2025-11-22,tiles/0-589-101.webp,metadata/0-589-101.json
0-590-101,108.7488,18.61632,108.93312,18.80064,9.489434814851508,10.0188,4194304,4189326,4978,0,0,4194304,4189326,4978,2025-01-31;2025-03-22;2025-06-25;2025-11-22,tiles/0-590-101.webp,metadata/0-590-101.json
0-591-101,108.93312,18.61632,109.11744,18.80064,9.489434814851508,10.0188,4194304,4193861,443,0,0,4194304,4193861,443,2025-01-06;2025-01-11;2025-01-31;2025-03-22;2025-06-25;2025-11-22,tiles/0-591-101.webp,metadata/0-591-101.json
0-592-101,109.11744,18.61632,109.30176,18.80064,9.489434814851508,10.0188,4194304,4194304,0,0,0,4194304,4194304,0,2025-01-06;2025-01-11,tiles/0-592-101.webp,metadata/0-592-101.json
0-593-101,109.30176,18.61632,109.48608,18.80064,9.489434814851508,10.0188,4194304,4194304,0,0,0,4194304,4194304,0,2025-01-06;2025-01-11,tiles/0-593-101.webp,metadata/0-593-101.json
0-594-101,109.48608,18.61632,109.6704,18.80064,9.489434814851508,10.0188,4194304,4194304,0,0,0,4194304,4194304,0,2025-01-06;2025-01-11,tiles/0-594-101.webp,metadata/0-594-101.json
0-595-101,109.6704,18.61632,109.85472,18.80064,9.489434814851508,10.0188,4194304,4184596,9708,0,0,4194304,4184596,9708,2025-01-06;2025-01-11;2025-03-22,tiles/0-595-101.webp,metadata/0-595-101.json
0-596-101,109.85472,18.61632,110.03904,18.80064,9.489434814851508,10.0188,4194304,4191657,2647,0,0,4194304,4191657,2647,2025-01-06;2025-01-11;2025-03-22,tiles/0-596-101.webp,metadata/0-596-101.json
0-597-101,110.03904,18.61632,110.22336,18.80064,9.489434814851508,10.0188,4194304,4174541,19763,0,0,4165398,4145635,19763,2025-01-06;2025-01-11;2025-07-17;2025-09-15;2025-10-03,tiles/0-597-101.webp,metadata/0-597-101.json
0-598-101,110.22336000000001,18.61632,110.40768000000001,18.80064,9.489434814851508,10.0188,4194304,4139175,55129,0,0,3124015,3069975,54040,2025-01-06;2025-07-17;2025-09-15;2025-10-03,tiles/0-598-101.webp,metadata/0-598-101.json
0-599-101,110.40768000000001,18.61632,110.59200000000001,18.80064,9.489434814851508,10.0188,4194304,4187530,6774,0,0,750519,746859,3660,2025-01-06;2025-07-17;2025-09-15;2025-10-03,tiles/0-599-101.webp,metadata/0-599-101.json
0-589-100,108.56448,18.432000000000002,108.7488,18.61632,9.499723693279023,10.0188,4194304,4176591,17713,0,0,947986,930281,17705,2025-01-31;2025-03-22;2025-06-25;2025-11-22,tiles/0-589-100.webp,metadata/0-589-100.json
0-590-100,108.7488,18.432000000000002,108.93312,18.61632,9.499723693279023,10.0188,4194304,4176509,17795,0,0,3605468,3588076,17392,2025-01-31;2025-03-22;2025-06-25;2025-11-22,tiles/0-590-100.webp,metadata/0-590-100.json
0-591-100,108.93312,18.432000000000002,109.11744,18.61632,9.499723693279023,10.0188,4194304,4192588,1716,0,0,4194304,4192588,1716,2025-01-06;2025-01-31;2025-03-22;2025-06-25;2025-11-22,tiles/0-591-100.webp,metadata/0-591-100.json
0-592-100,109.11744,18.432000000000002,109.30176,18.61632,9.499723693279023,10.0188,4194304,4194304,0,0,0,4194304,4194304,0,2025-01-06;2025-01-11,tiles/0-592-100.webp,metadata/0-592-100.json
0-593-100,109.30176,18.432000000000002,109.48608,18.61632,9.499723693279023,10.0188,4194304,4194304,0,0,0,4194304,4194304,0,2025-01-06;2025-01-11,tiles/0-593-100.webp,metadata/0-593-100.json
0-594-100,109.48608,18.432000000000002,109.6704,18.61632,9.499723693279023,10.0188,4194304,4194304,0,0,0,4194304,4194304,0,2025-01-06,tiles/0-594-100.webp,metadata/0-594-100.json
0-595-100,109.6704,18.432000000000002,109.85472,18.61632,9.499723693279023,10.0188,4194304,4194304,0,0,0,4191912,4191912,0,2025-01-06,tiles/0-595-100.webp,metadata/0-595-100.json
0-596-100,109.85472,18.432000000000002,110.03904,18.61632,9.499723693279023,10.0188,4194304,4194304,0,0,0,4120418,4120418,0,2025-01-06;2025-03-22,tiles/0-596-100.webp,metadata/0-596-100.json
0-597-100,110.03904,18.432000000000002,110.22336,18.61632,9.499723693279023,10.0188,4194304,4193387,917,0,0,1711390,1711016,374,2025-01-06;2025-01-11;2025-03-22;2025-07-17;2025-09-15;2025-10-03,tiles/0-597-100.webp,metadata/0-597-100.json
0-590-99,108.7488,18.247680000000003,108.93312,18.432000000000002,9.509914258862937,10.0188,4194304,4192755,1549,0,0,81530,81208,322,2025-01-31;2025-03-22;2025-06-25;2025-11-22,tiles/0-590-99.webp,metadata/0-590-99.json
0-591-99,108.93312,18.247680000000003,109.11744,18.432000000000002,9.509914258862937,10.0188,4194304,4192455,1849,0,0,1319858,1318687,1171,2025-01-06;2025-01-31;2025-03-22;2025-06-25;2025-11-22,tiles/0-591-99.webp,metadata/0-591-99.json
0-592-99,109.11744,18.247680000000003,109.30176,18.432000000000002,9.509914258862937,10.0188,4194304,4193417,887,0,0,2866419,2865885,534,2025-01-06;2025-01-11;2025-03-22,tiles/0-592-99.webp,metadata/0-592-99.json
0-593-99,109.30176,18.247680000000003,109.48608,18.432000000000002,9.509914258862937,10.0188,4194304,4193926,378,0,0,3227136,3227056,80,2025-01-06;2025-01-11;2025-03-22,tiles/0-593-99.webp,metadata/0-593-99.json
0-594-99,109.48608,18.247680000000003,109.6704,18.432000000000002,9.509914258862937,10.0188,4194304,4194304,0,0,0,4169895,4169895,0,2025-01-06;2025-01-11,tiles/0-594-99.webp,metadata/0-594-99.json
0-595-99,109.6704,18.247680000000003,109.85472,18.432000000000002,9.509914258862937,10.0188,4194304,4171368,22936,0,0,1955544,1951408,4136,2025-01-06;2025-01-11;2025-03-22,tiles/0-595-99.webp,metadata/0-595-99.json
0-596-99,109.85472,18.247680000000003,110.03904,18.432000000000002,9.509914258862937,10.0188,4194304,4181001,13303,0,0,543200,535515,7685,2025-01-06;2025-01-11;2025-03-22,tiles/0-596-99.webp,metadata/0-596-99.json
0-597-99,110.03904,18.247680000000003,110.22336,18.432000000000002,9.509914258862937,10.0188,4194304,4192221,2083,0,0,68503,67608,895,2025-01-06;2025-01-11;2025-03-22;2025-07-17;2025-09-15;2025-10-03,tiles/0-597-99.webp,metadata/0-597-99.json
0-593-98,109.30176,18.06336,109.48608,18.24768,9.520006406140872,10.0188,4194304,4194125,179,0,0,35159,35159,0,2025-01-06;2025-01-11;2025-03-22,tiles/0-593-98.webp,metadata/0-593-98.json
0-594-98,109.48608,18.06336,109.6704,18.24768,9.520006406140872,10.0188,4194304,4188887,5417,0,0,823340,821929,1411,2025-01-06;2025-01-11;2025-03-22,tiles/0-594-98.webp,metadata/0-594-98.json
0-595-98,109.6704,18.06336,109.85472,18.24768,9.520006406140872,10.0188,4194304,4180613,13691,0,0,225519,222306,3213,2025-01-06;2025-01-11;2025-03-22,tiles/0-595-98.webp,metadata/0-595-98.json
