id,west,south,east,north,width,height,status,valid_cells,nodata_cells,source_zero_cells,nonzero_displayed_cells,native_resolution_degrees,min_zoom,max_zoom,preview,encoded_values
dsm-main-native-r00-c00,108.49986111111112,20.21569444444445,108.78430555555556,20.50013888888889,1024,1024,unavailable-no-source-tile,0,1048576,0,0,0.0002777777777777778,11,18,dsm-main-native/dsm-main-native-r00-c00-preview.png,dsm-main-native/dsm-main-native-r00-c00-values.png
dsm-main-native-r00-c01,108.78430555555556,20.21569444444445,109.06875000000001,20.50013888888889,1024,1024,source-zero-ocean-context,253952,794624,253952,0,0.0002777777777777778,11,18,dsm-main-native/dsm-main-native-r00-c01-preview.png,dsm-main-native/dsm-main-native-r00-c01-values.png
dsm-main-native-r00-c02,109.06875000000001,20.21569444444445,109.35319444444445,20.50013888888889,1024,1024,source-zero-ocean-context,1048576,0,1048576,0,0.0002777777777777778,11,18,dsm-main-native/dsm-main-native-r00-c02-preview.png,dsm-main-native/dsm-main-native-r00-c02-values.png
dsm-main-native-r00-c03,109.35319444444445,20.21569444444445,109.63763888888889,20.50013888888889,1024,1024,source-zero-ocean-context,1048576,0,1048576,0,0.0002777777777777778,11,18,dsm-main-native/dsm-main-native-r00-c03-preview.png,dsm-main-native/dsm-main-native-r00-c03-values.png
dsm-main-native-r00-c04,109.63763888888889,20.21569444444445,109.92208333333333,20.50013888888889,1024,1024,available,1048576,0,993576,55000,0.0002777777777777778,11,18,dsm-main-native/dsm-main-native-r00-c04-preview.png,dsm-main-native/dsm-main-native-r00-c04-values.png
dsm-main-native-r00-c05,109.92208333333333,20.21569444444445,110.20652777777778,20.50013888888889,1024,1024,available,1048576,0,235720,812856,0.0002777777777777778,11,18,dsm-main-native/dsm-main-native-r00-c05-preview.png,dsm-main-native/dsm-main-native-r00-c05-values.png
dsm-main-native-r00-c06,110.20652777777778,20.21569444444445,110.49097222222223,20.50013888888889,1024,1024,available,1048576,0,310473,738103,0.0002777777777777778,11,18,dsm-main-native/dsm-main-native-r00-c06-preview.png,dsm-main-native/dsm-main-native-r00-c06-values.png
dsm-main-native-r00-c07,110.49097222222223,20.21569444444445,110.77541666666667,20.50013888888889,1024,1024,available,1048576,0,1013637,34939,0.0002777777777777778,11,18,dsm-main-native/dsm-main-native-r00-c07-preview.png,dsm-main-native/dsm-main-native-r00-c07-values.png
dsm-main-native-r00-c08,110.77541666666667,20.21569444444445,111.05986111111112,20.50013888888889,1024,1024,source-zero-ocean-context,827392,221184,827392,0,0.0002777777777777778,11,18,dsm-main-native/dsm-main-native-r00-c08-preview.png,dsm-main-native/dsm-main-native-r00-c08-values.png
dsm-main-native-r00-c09,111.05986111111112,20.21569444444445,111.34430555555556,20.50013888888889,1024,1024,unavailable-no-source-tile,0,1048576,0,0,0.0002777777777777778,11,18,dsm-main-native/dsm-main-native-r00-c09-preview.png,dsm-main-native/dsm-main-native-r00-c09-values.png
dsm-main-native-r00-c10,111.34430555555556,20.21569444444445,111.5001388888889,20.50013888888889,561,1024,unavailable-no-source-tile,0,574464,0,0,0.0002777777777777778,11,18,dsm-main-native/dsm-main-native-r00-c10-preview.png,dsm-main-native/dsm-main-native-r00-c10-values.png
dsm-main-native-r01-c00,108.49986111111112,19.931250000000002,108.78430555555556,20.21569444444445,1024,1024,source-zero-ocean-context,253952,794624,253952,0,0.0002777777777777778,11,18,dsm-main-native/dsm-main-native-r01-c00-preview.png,dsm-main-native/dsm-main-native-r01-c00-values.png
dsm-main-native-r01-c01,108.78430555555556,19.931250000000002,109.06875000000001,20.21569444444445,1024,1024,source-zero-ocean-context,446400,602176,446400,0,0.0002777777777777778,11,18,dsm-main-native/dsm-main-native-r01-c01-preview.png,dsm-main-native/dsm-main-native-r01-c01-values.png
dsm-main-native-r01-c02,109.06875000000001,19.931250000000002,109.35319444444445,20.21569444444445,1024,1024,source-zero-ocean-context,1048576,0,1048576,0,0.0002777777777777778,11,18,dsm-main-native/dsm-main-native-r01-c02-preview.png,dsm-main-native/dsm-main-native-r01-c02-values.png
dsm-main-native-r01-c03,109.35319444444445,19.931250000000002,109.63763888888889,20.21569444444445,1024,1024,available,1048576,0,989146,59430,0.0002777777777777778,11,18,dsm-main-native/dsm-main-native-r01-c03-preview.png,dsm-main-native/dsm-main-native-r01-c03-values.png
dsm-main-native-r01-c04,109.63763888888889,19.931250000000002,109.92208333333333,20.21569444444445,1024,1024,available,1048576,0,869762,178814,0.0002777777777777778,11,18,dsm-main-native/dsm-main-native-r01-c04-preview.png,dsm-main-native/dsm-main-native-r01-c04-values.png
dsm-main-native-r01-c05,109.92208333333333,19.931250000000002,110.20652777777778,20.21569444444445,1024,1024,available,1048576,0,829866,218710,0.0002777777777777778,11,18,dsm-main-native/dsm-main-native-r01-c05-preview.png,dsm-main-native/dsm-main-native-r01-c05-values.png
dsm-main-native-r01-c06,110.20652777777778,19.931250000000002,110.49097222222223,20.21569444444445,1024,1024,available,1048576,0,597592,450984,0.0002777777777777778,11,18,dsm-main-native/dsm-main-native-r01-c06-preview.png,dsm-main-native/dsm-main-native-r01-c06-values.png
dsm-main-native-r01-c07,110.49097222222223,19.931250000000002,110.77541666666667,20.21569444444445,1024,1024,available,1048576,0,564592,483984,0.0002777777777777778,11,18,dsm-main-native/dsm-main-native-r01-c07-preview.png,dsm-main-native/dsm-main-native-r01-c07-values.png
dsm-main-native-r01-c08,110.77541666666667,19.931250000000002,111.05986111111112,20.21569444444445,1024,1024,available,880960,167616,719765,161195,0.0002777777777777778,11,18,dsm-main-native/dsm-main-native-r01-c08-preview.png,dsm-main-native/dsm-main-native-r01-c08-values.png
dsm-main-native-r01-c09,111.05986111111112,19.931250000000002,111.34430555555556,20.21569444444445,1024,1024,available,253952,794624,253513,439,0.0002777777777777778,11,18,dsm-main-native/dsm-main-native-r01-c09-preview.png,dsm-main-native/dsm-main-native-r01-c09-values.png
dsm-main-native-r01-c10,111.34430555555556,19.931250000000002,111.5001388888889,20.21569444444445,561,1024,source-zero-ocean-context,139128,435336,139128,0,0.0002777777777777778,11,18,dsm-main-native/dsm-main-native-r01-c10-preview.png,dsm-main-native/dsm-main-native-r01-c10-values.png
dsm-main-native-r02-c00,108.49986111111112,19.64680555555556,108.78430555555556,19.931250000000002,1024,1024,source-zero-ocean-context,1048576,0,1048576,0,0.0002777777777777778,11,18,dsm-main-native/dsm-main-native-r02-c00-preview.png,dsm-main-native/dsm-main-native-r02-c00-values.png
dsm-main-native-r02-c01,108.78430555555556,19.64680555555556,109.06875000000001,19.931250000000002,1024,1024,source-zero-ocean-context,1048576,0,1048576,0,0.0002777777777777778,11,18,dsm-main-native/dsm-main-native-r02-c01-preview.png,dsm-main-native/dsm-main-native-r02-c01-values.png
dsm-main-native-r02-c02,109.06875000000001,19.64680555555556,109.35319444444445,19.931250000000002,1024,1024,available,1048576,0,573646,474930,0.0002777777777777778,11,18,dsm-main-native/dsm-main-native-r02-c02-preview.png,dsm-main-native/dsm-main-native-r02-c02-values.png
dsm-main-native-r02-c03,109.35319444444445,19.64680555555556,109.63763888888889,19.931250000000002,1024,1024,available,1048576,0,155104,893472,0.0002777777777777778,11,18,dsm-main-native/dsm-main-native-r02-c03-preview.png,dsm-main-native/dsm-main-native-r02-c03-values.png
dsm-main-native-r02-c04,109.63763888888889,19.64680555555556,109.92208333333333,19.931250000000002,1024,1024,available,1048576,0,0,1048576,0.0002777777777777778,11,18,dsm-main-native/dsm-main-native-r02-c04-preview.png,dsm-main-native/dsm-main-native-r02-c04-values.png
dsm-main-native-r02-c05,109.92208333333333,19.64680555555556,110.20652777777778,19.931250000000002,1024,1024,available,1048576,0,3820,1044756,0.0002777777777777778,11,18,dsm-main-native/dsm-main-native-r02-c05-preview.png,dsm-main-native/dsm-main-native-r02-c05-values.png
dsm-main-native-r02-c06,110.20652777777778,19.64680555555556,110.49097222222223,19.931250000000002,1024,1024,available,1048576,0,0,1048576,0.0002777777777777778,11,18,dsm-main-native/dsm-main-native-r02-c06-preview.png,dsm-main-native/dsm-main-native-r02-c06-values.png
dsm-main-native-r02-c07,110.49097222222223,19.64680555555556,110.77541666666667,19.931250000000002,1024,1024,available,1048576,0,4574,1044002,0.0002777777777777778,11,18,dsm-main-native/dsm-main-native-r02-c07-preview.png,dsm-main-native/dsm-main-native-r02-c07-values.png
dsm-main-native-r02-c08,110.77541666666667,19.64680555555556,111.05986111111112,19.931250000000002,1024,1024,available,1048576,0,237713,810863,0.0002777777777777778,11,18,dsm-main-native/dsm-main-native-r02-c08-preview.png,dsm-main-native/dsm-main-native-r02-c08-values.png
dsm-main-native-r02-c09,111.05986111111112,19.64680555555556,111.34430555555556,19.931250000000002,1024,1024,available,1048576,0,1048080,496,0.0002777777777777778,11,18,dsm-main-native/dsm-main-native-r02-c09-preview.png,dsm-main-native/dsm-main-native-r02-c09-values.png
dsm-main-native-r02-c10,111.34430555555556,19.64680555555556,111.5001388888889,19.931250000000002,561,1024,source-zero-ocean-context,574464,0,574464,0,0.0002777777777777778,11,18,dsm-main-native/dsm-main-native-r02-c10-preview.png,dsm-main-native/dsm-main-native-r02-c10-values.png
dsm-main-native-r03-c00,108.49986111111112,19.362361111111113,108.78430555555556,19.64680555555556,1024,1024,available,1048576,0,1025915,22661,0.0002777777777777778,11,18,dsm-main-native/dsm-main-native-r03-c00-preview.png,dsm-main-native/dsm-main-native-r03-c00-values.png
dsm-main-native-r03-c01,108.78430555555556,19.362361111111113,109.06875000000001,19.64680555555556,1024,1024,available,1048576,0,512968,535608,0.0002777777777777778,11,18,dsm-main-native/dsm-main-native-r03-c01-preview.png,dsm-main-native/dsm-main-native-r03-c01-values.png
dsm-main-native-r03-c02,109.06875000000001,19.362361111111113,109.35319444444445,19.64680555555556,1024,1024,available,1048576,0,26895,1021681,0.0002777777777777778,11,18,dsm-main-native/dsm-main-native-r03-c02-preview.png,dsm-main-native/dsm-main-native-r03-c02-values.png
dsm-main-native-r03-c03,109.35319444444445,19.362361111111113,109.63763888888889,19.64680555555556,1024,1024,available,1048576,0,0,1048576,0.0002777777777777778,11,18,dsm-main-native/dsm-main-native-r03-c03-preview.png,dsm-main-native/dsm-main-native-r03-c03-values.png
dsm-main-native-r03-c04,109.63763888888889,19.362361111111113,109.92208333333333,19.64680555555556,1024,1024,available,1048576,0,0,1048576,0.0002777777777777778,11,18,dsm-main-native/dsm-main-native-r03-c04-preview.png,dsm-main-native/dsm-main-native-r03-c04-values.png
dsm-main-native-r03-c05,109.92208333333333,19.362361111111113,110.20652777777778,19.64680555555556,1024,1024,available,1048576,0,0,1048576,0.0002777777777777778,11,18,dsm-main-native/dsm-main-native-r03-c05-preview.png,dsm-main-native/dsm-main-native-r03-c05-values.png
dsm-main-native-r03-c06,110.20652777777778,19.362361111111113,110.49097222222223,19.64680555555556,1024,1024,available,1048576,0,0,1048576,0.0002777777777777778,11,18,dsm-main-native/dsm-main-native-r03-c06-preview.png,dsm-main-native/dsm-main-native-r03-c06-values.png
dsm-main-native-r03-c07,110.49097222222223,19.362361111111113,110.77541666666667,19.64680555555556,1024,1024,available,1048576,0,71384,977192,0.0002777777777777778,11,18,dsm-main-native/dsm-main-native-r03-c07-preview.png,dsm-main-native/dsm-main-native-r03-c07-values.png
dsm-main-native-r03-c08,110.77541666666667,19.362361111111113,111.05986111111112,19.64680555555556,1024,1024,available,1048576,0,823285,225291,0.0002777777777777778,11,18,dsm-main-native/dsm-main-native-r03-c08-preview.png,dsm-main-native/dsm-main-native-r03-c08-values.png
dsm-main-native-r03-c09,111.05986111111112,19.362361111111113,111.34430555555556,19.64680555555556,1024,1024,source-zero-ocean-context,1048576,0,1048576,0,0.0002777777777777778,11,18,dsm-main-native/dsm-main-native-r03-c09-preview.png,dsm-main-native/dsm-main-native-r03-c09-values.png
dsm-main-native-r03-c10,111.34430555555556,19.362361111111113,111.5001388888889,19.64680555555556,561,1024,source-zero-ocean-context,574464,0,574464,0,0.0002777777777777778,11,18,dsm-main-native/dsm-main-native-r03-c10-preview.png,dsm-main-native/dsm-main-native-r03-c10-values.png
dsm-main-native-r04-c00,108.49986111111112,19.07791666666667,108.78430555555556,19.362361111111113,1024,1024,available,1048576,0,561365,487211,0.0002777777777777778,11,18,dsm-main-native/dsm-main-native-r04-c00-preview.png,dsm-main-native/dsm-main-native-r04-c00-values.png
dsm-main-native-r04-c01,108.78430555555556,19.07791666666667,109.06875000000001,19.362361111111113,1024,1024,available,1048576,0,0,1048576,0.0002777777777777778,11,18,dsm-main-native/dsm-main-native-r04-c01-preview.png,dsm-main-native/dsm-main-native-r04-c01-values.png
dsm-main-native-r04-c02,109.06875000000001,19.07791666666667,109.35319444444445,19.362361111111113,1024,1024,available,1048576,0,0,1048576,0.0002777777777777778,11,18,dsm-main-native/dsm-main-native-r04-c02-preview.png,dsm-main-native/dsm-main-native-r04-c02-values.png
dsm-main-native-r04-c03,109.35319444444445,19.07791666666667,109.63763888888889,19.362361111111113,1024,1024,available,1048576,0,0,1048576,0.0002777777777777778,11,18,dsm-main-native/dsm-main-native-r04-c03-preview.png,dsm-main-native/dsm-main-native-r04-c03-values.png
dsm-main-native-r04-c04,109.63763888888889,19.07791666666667,109.92208333333333,19.362361111111113,1024,1024,available,1048576,0,0,1048576,0.0002777777777777778,11,18,dsm-main-native/dsm-main-native-r04-c04-preview.png,dsm-main-native/dsm-main-native-r04-c04-values.png
dsm-main-native-r04-c05,109.92208333333333,19.07791666666667,110.20652777777778,19.362361111111113,1024,1024,available,1048576,0,0,1048576,0.0002777777777777778,11,18,dsm-main-native/dsm-main-native-r04-c05-preview.png,dsm-main-native/dsm-main-native-r04-c05-values.png
dsm-main-native-r04-c06,110.20652777777778,19.07791666666667,110.49097222222223,19.362361111111113,1024,1024,available,1048576,0,0,1048576,0.0002777777777777778,11,18,dsm-main-native/dsm-main-native-r04-c06-preview.png,dsm-main-native/dsm-main-native-r04-c06-values.png
dsm-main-native-r04-c07,110.49097222222223,19.07791666666667,110.77541666666667,19.362361111111113,1024,1024,available,1048576,0,594238,454338,0.0002777777777777778,11,18,dsm-main-native/dsm-main-native-r04-c07-preview.png,dsm-main-native/dsm-main-native-r04-c07-values.png
dsm-main-native-r04-c08,110.77541666666667,19.07791666666667,111.05986111111112,19.362361111111113,1024,1024,source-zero-ocean-context,1048576,0,1048576,0,0.0002777777777777778,11,18,dsm-main-native/dsm-main-native-r04-c08-preview.png,dsm-main-native/dsm-main-native-r04-c08-values.png
dsm-main-native-r04-c09,111.05986111111112,19.07791666666667,111.34430555555556,19.362361111111113,1024,1024,source-zero-ocean-context,1048576,0,1048576,0,0.0002777777777777778,11,18,dsm-main-native/dsm-main-native-r04-c09-preview.png,dsm-main-native/dsm-main-native-r04-c09-values.png
dsm-main-native-r04-c10,111.34430555555556,19.07791666666667,111.5001388888889,19.362361111111113,561,1024,source-zero-ocean-context,574464,0,574464,0,0.0002777777777777778,11,18,dsm-main-native/dsm-main-native-r04-c10-preview.png,dsm-main-native/dsm-main-native-r04-c10-values.png
dsm-main-native-r05-c00,108.49986111111112,18.793472222222224,108.78430555555556,19.07791666666667,1024,1024,available,1048576,0,528402,520174,0.0002777777777777778,11,18,dsm-main-native/dsm-main-native-r05-c00-preview.png,dsm-main-native/dsm-main-native-r05-c00-values.png
dsm-main-native-r05-c01,108.78430555555556,18.793472222222224,109.06875000000001,19.07791666666667,1024,1024,available,1048576,0,0,1048576,0.0002777777777777778,11,18,dsm-main-native/dsm-main-native-r05-c01-preview.png,dsm-main-native/dsm-main-native-r05-c01-values.png
dsm-main-native-r05-c02,109.06875000000001,18.793472222222224,109.35319444444445,19.07791666666667,1024,1024,available,1048576,0,0,1048576,0.0002777777777777778,11,18,dsm-main-native/dsm-main-native-r05-c02-preview.png,dsm-main-native/dsm-main-native-r05-c02-values.png
dsm-main-native-r05-c03,109.35319444444445,18.793472222222224,109.63763888888889,19.07791666666667,1024,1024,available,1048576,0,0,1048576,0.0002777777777777778,11,18,dsm-main-native/dsm-main-native-r05-c03-preview.png,dsm-main-native/dsm-main-native-r05-c03-values.png
dsm-main-native-r05-c04,109.63763888888889,18.793472222222224,109.92208333333333,19.07791666666667,1024,1024,available,1048576,0,0,1048576,0.0002777777777777778,11,18,dsm-main-native/dsm-main-native-r05-c04-preview.png,dsm-main-native/dsm-main-native-r05-c04-values.png
dsm-main-native-r05-c05,109.92208333333333,18.793472222222224,110.20652777777778,19.07791666666667,1024,1024,available,1048576,0,0,1048576,0.0002777777777777778,11,18,dsm-main-native/dsm-main-native-r05-c05-preview.png,dsm-main-native/dsm-main-native-r05-c05-values.png
dsm-main-native-r05-c06,110.20652777777778,18.793472222222224,110.49097222222223,19.07791666666667,1024,1024,available,1048576,0,69,1048507,0.0002777777777777778,11,18,dsm-main-native/dsm-main-native-r05-c06-preview.png,dsm-main-native/dsm-main-native-r05-c06-values.png
dsm-main-native-r05-c07,110.49097222222223,18.793472222222224,110.77541666666667,19.07791666666667,1024,1024,available,1048576,0,924829,123747,0.0002777777777777778,11,18,dsm-main-native/dsm-main-native-r05-c07-preview.png,dsm-main-native/dsm-main-native-r05-c07-values.png
dsm-main-native-r05-c08,110.77541666666667,18.793472222222224,111.05986111111112,19.07791666666667,1024,1024,source-zero-ocean-context,887872,160704,887872,0,0.0002777777777777778,11,18,dsm-main-native/dsm-main-native-r05-c08-preview.png,dsm-main-native/dsm-main-native-r05-c08-values.png
dsm-main-native-r05-c09,111.05986111111112,18.793472222222224,111.34430555555556,19.07791666666667,1024,1024,source-zero-ocean-context,286720,761856,286720,0,0.0002777777777777778,11,18,dsm-main-native/dsm-main-native-r05-c09-preview.png,dsm-main-native/dsm-main-native-r05-c09-values.png
dsm-main-native-r05-c10,111.34430555555556,18.793472222222224,111.5001388888889,19.07791666666667,561,1024,source-zero-ocean-context,157080,417384,157080,0,0.0002777777777777778,11,18,dsm-main-native/dsm-main-native-r05-c10-preview.png,dsm-main-native/dsm-main-native-r05-c10-values.png
dsm-main-native-r06-c00,108.49986111111112,18.50902777777778,108.78430555555556,18.793472222222224,1024,1024,available,1048576,0,725407,323169,0.0002777777777777778,11,18,dsm-main-native/dsm-main-native-r06-c00-preview.png,dsm-main-native/dsm-main-native-r06-c00-values.png
dsm-main-native-r06-c01,108.78430555555556,18.50902777777778,109.06875000000001,18.793472222222224,1024,1024,available,1048576,0,0,1048576,0.0002777777777777778,11,18,dsm-main-native/dsm-main-native-r06-c01-preview.png,dsm-main-native/dsm-main-native-r06-c01-values.png
dsm-main-native-r06-c02,109.06875000000001,18.50902777777778,109.35319444444445,18.793472222222224,1024,1024,available,1048576,0,0,1048576,0.0002777777777777778,11,18,dsm-main-native/dsm-main-native-r06-c02-preview.png,dsm-main-native/dsm-main-native-r06-c02-values.png
dsm-main-native-r06-c03,109.35319444444445,18.50902777777778,109.63763888888889,18.793472222222224,1024,1024,available,1048576,0,0,1048576,0.0002777777777777778,11,18,dsm-main-native/dsm-main-native-r06-c03-preview.png,dsm-main-native/dsm-main-native-r06-c03-values.png
dsm-main-native-r06-c04,109.63763888888889,18.50902777777778,109.92208333333333,18.793472222222224,1024,1024,available,1048576,0,0,1048576,0.0002777777777777778,11,18,dsm-main-native/dsm-main-native-r06-c04-preview.png,dsm-main-native/dsm-main-native-r06-c04-values.png
dsm-main-native-r06-c05,109.92208333333333,18.50902777777778,110.20652777777778,18.793472222222224,1024,1024,available,1048576,0,90779,957797,0.0002777777777777778,11,18,dsm-main-native/dsm-main-native-r06-c05-preview.png,dsm-main-native/dsm-main-native-r06-c05-values.png
dsm-main-native-r06-c06,110.20652777777778,18.50902777777778,110.49097222222223,18.793472222222224,1024,1024,available,1048576,0,633976,414600,0.0002777777777777778,11,18,dsm-main-native/dsm-main-native-r06-c06-preview.png,dsm-main-native/dsm-main-native-r06-c06-values.png
dsm-main-native-r06-c07,110.49097222222223,18.50902777777778,110.77541666666667,18.793472222222224,1024,1024,available,1048576,0,1040882,7694,0.0002777777777777778,11,18,dsm-main-native/dsm-main-native-r06-c07-preview.png,dsm-main-native/dsm-main-native-r06-c07-values.png
dsm-main-native-r06-c08,110.77541666666667,18.50902777777778,111.05986111111112,18.793472222222224,1024,1024,source-zero-ocean-context,827392,221184,827392,0,0.0002777777777777778,11,18,dsm-main-native/dsm-main-native-r06-c08-preview.png,dsm-main-native/dsm-main-native-r06-c08-values.png
dsm-main-native-r06-c09,111.05986111111112,18.50902777777778,111.34430555555556,18.793472222222224,1024,1024,unavailable-no-source-tile,0,1048576,0,0,0.0002777777777777778,11,18,dsm-main-native/dsm-main-native-r06-c09-preview.png,dsm-main-native/dsm-main-native-r06-c09-values.png
dsm-main-native-r06-c10,111.34430555555556,18.50902777777778,111.5001388888889,18.793472222222224,561,1024,unavailable-no-source-tile,0,574464,0,0,0.0002777777777777778,11,18,dsm-main-native/dsm-main-native-r06-c10-preview.png,dsm-main-native/dsm-main-native-r06-c10-values.png
dsm-main-native-r07-c00,108.49986111111112,18.224583333333335,108.78430555555556,18.50902777777778,1024,1024,available,1048576,0,1033026,15550,0.0002777777777777778,11,18,dsm-main-native/dsm-main-native-r07-c00-preview.png,dsm-main-native/dsm-main-native-r07-c00-values.png
dsm-main-native-r07-c01,108.78430555555556,18.224583333333335,109.06875000000001,18.50902777777778,1024,1024,available,1048576,0,690525,358051,0.0002777777777777778,11,18,dsm-main-native/dsm-main-native-r07-c01-preview.png,dsm-main-native/dsm-main-native-r07-c01-values.png
dsm-main-native-r07-c02,109.06875000000001,18.224583333333335,109.35319444444445,18.50902777777778,1024,1024,available,1048576,0,332369,716207,0.0002777777777777778,11,18,dsm-main-native/dsm-main-native-r07-c02-preview.png,dsm-main-native/dsm-main-native-r07-c02-values.png
dsm-main-native-r07-c03,109.35319444444445,18.224583333333335,109.63763888888889,18.50902777777778,1024,1024,available,1048576,0,115637,932939,0.0002777777777777778,11,18,dsm-main-native/dsm-main-native-r07-c03-preview.png,dsm-main-native/dsm-main-native-r07-c03-values.png
dsm-main-native-r07-c04,109.63763888888889,18.224583333333335,109.92208333333333,18.50902777777778,1024,1024,available,1048576,0,432493,616083,0.0002777777777777778,11,18,dsm-main-native/dsm-main-native-r07-c04-preview.png,dsm-main-native/dsm-main-native-r07-c04-values.png
dsm-main-native-r07-c05,109.92208333333333,18.224583333333335,110.20652777777778,18.50902777777778,1024,1024,available,1048576,0,821699,226877,0.0002777777777777778,11,18,dsm-main-native/dsm-main-native-r07-c05-preview.png,dsm-main-native/dsm-main-native-r07-c05-values.png
dsm-main-native-r07-c06,110.20652777777778,18.224583333333335,110.49097222222223,18.50902777777778,1024,1024,source-zero-ocean-context,1048576,0,1048576,0,0.0002777777777777778,11,18,dsm-main-native/dsm-main-native-r07-c06-preview.png,dsm-main-native/dsm-main-native-r07-c06-values.png
dsm-main-native-r07-c07,110.49097222222223,18.224583333333335,110.77541666666667,18.50902777777778,1024,1024,source-zero-ocean-context,1048576,0,1048576,0,0.0002777777777777778,11,18,dsm-main-native/dsm-main-native-r07-c07-preview.png,dsm-main-native/dsm-main-native-r07-c07-values.png
dsm-main-native-r07-c08,110.77541666666667,18.224583333333335,111.05986111111112,18.50902777777778,1024,1024,source-zero-ocean-context,827392,221184,827392,0,0.0002777777777777778,11,18,dsm-main-native/dsm-main-native-r07-c08-preview.png,dsm-main-native/dsm-main-native-r07-c08-values.png
dsm-main-native-r07-c09,111.05986111111112,18.224583333333335,111.34430555555556,18.50902777777778,1024,1024,unavailable-no-source-tile,0,1048576,0,0,0.0002777777777777778,11,18,dsm-main-native/dsm-main-native-r07-c09-preview.png,dsm-main-native/dsm-main-native-r07-c09-values.png
dsm-main-native-r07-c10,111.34430555555556,18.224583333333335,111.5001388888889,18.50902777777778,561,1024,unavailable-no-source-tile,0,574464,0,0,0.0002777777777777778,11,18,dsm-main-native/dsm-main-native-r07-c10-preview.png,dsm-main-native/dsm-main-native-r07-c10-values.png
dsm-main-native-r08-c00,108.49986111111112,17.940138888888892,108.78430555555556,18.224583333333335,1024,1024,source-zero-ocean-context,827392,221184,827392,0,0.0002777777777777778,11,18,dsm-main-native/dsm-main-native-r08-c00-preview.png,dsm-main-native/dsm-main-native-r08-c00-values.png
dsm-main-native-r08-c01,108.78430555555556,17.940138888888892,109.06875000000001,18.224583333333335,1024,1024,source-zero-ocean-context,827392,221184,827392,0,0.0002777777777777778,11,18,dsm-main-native/dsm-main-native-r08-c01-preview.png,dsm-main-native/dsm-main-native-r08-c01-values.png
dsm-main-native-r08-c02,109.06875000000001,17.940138888888892,109.35319444444445,18.224583333333335,1024,1024,source-zero-ocean-context,827392,221184,827392,0,0.0002777777777777778,11,18,dsm-main-native/dsm-main-native-r08-c02-preview.png,dsm-main-native/dsm-main-native-r08-c02-values.png
dsm-main-native-r08-c03,109.35319444444445,17.940138888888892,109.63763888888889,18.224583333333335,1024,1024,available,827392,221184,780447,46945,0.0002777777777777778,11,18,dsm-main-native/dsm-main-native-r08-c03-preview.png,dsm-main-native/dsm-main-native-r08-c03-values.png
dsm-main-native-r08-c04,109.63763888888889,17.940138888888892,109.92208333333333,18.224583333333335,1024,1024,available,827392,221184,818579,8813,0.0002777777777777778,11,18,dsm-main-native/dsm-main-native-r08-c04-preview.png,dsm-main-native/dsm-main-native-r08-c04-values.png
dsm-main-native-r08-c05,109.92208333333333,17.940138888888892,110.20652777777778,18.224583333333335,1024,1024,source-zero-ocean-context,827392,221184,827392,0,0.0002777777777777778,11,18,dsm-main-native/dsm-main-native-r08-c05-preview.png,dsm-main-native/dsm-main-native-r08-c05-values.png
dsm-main-native-r08-c06,110.20652777777778,17.940138888888892,110.49097222222223,18.224583333333335,1024,1024,source-zero-ocean-context,827392,221184,827392,0,0.0002777777777777778,11,18,dsm-main-native/dsm-main-native-r08-c06-preview.png,dsm-main-native/dsm-main-native-r08-c06-values.png
dsm-main-native-r08-c07,110.49097222222223,17.940138888888892,110.77541666666667,18.224583333333335,1024,1024,source-zero-ocean-context,827392,221184,827392,0,0.0002777777777777778,11,18,dsm-main-native/dsm-main-native-r08-c07-preview.png,dsm-main-native/dsm-main-native-r08-c07-values.png
dsm-main-native-r08-c08,110.77541666666667,17.940138888888892,111.05986111111112,18.224583333333335,1024,1024,source-zero-ocean-context,652864,395712,652864,0,0.0002777777777777778,11,18,dsm-main-native/dsm-main-native-r08-c08-preview.png,dsm-main-native/dsm-main-native-r08-c08-values.png
dsm-main-native-r08-c09,111.05986111111112,17.940138888888892,111.34430555555556,18.224583333333335,1024,1024,unavailable-no-source-tile,0,1048576,0,0,0.0002777777777777778,11,18,dsm-main-native/dsm-main-native-r08-c09-preview.png,dsm-main-native/dsm-main-native-r08-c09-values.png
dsm-main-native-r08-c10,111.34430555555556,17.940138888888892,111.5001388888889,18.224583333333335,561,1024,unavailable-no-source-tile,0,574464,0,0,0.0002777777777777778,11,18,dsm-main-native/dsm-main-native-r08-c10-preview.png,dsm-main-native/dsm-main-native-r08-c10-values.png
dsm-main-native-r09-c00,108.49986111111112,17.799861111111113,108.78430555555556,17.940138888888892,1024,505,unavailable-no-source-tile,0,517120,0,0,0.0002777777777777778,11,18,dsm-main-native/dsm-main-native-r09-c00-preview.png,dsm-main-native/dsm-main-native-r09-c00-values.png
dsm-main-native-r09-c01,108.78430555555556,17.799861111111113,109.06875000000001,17.940138888888892,1024,505,unavailable-no-source-tile,0,517120,0,0,0.0002777777777777778,11,18,dsm-main-native/dsm-main-native-r09-c01-preview.png,dsm-main-native/dsm-main-native-r09-c01-values.png
dsm-main-native-r09-c02,109.06875000000001,17.799861111111113,109.35319444444445,17.940138888888892,1024,505,unavailable-no-source-tile,0,517120,0,0,0.0002777777777777778,11,18,dsm-main-native/dsm-main-native-r09-c02-preview.png,dsm-main-native/dsm-main-native-r09-c02-values.png
dsm-main-native-r09-c03,109.35319444444445,17.799861111111113,109.63763888888889,17.940138888888892,1024,505,unavailable-no-source-tile,0,517120,0,0,0.0002777777777777778,11,18,dsm-main-native/dsm-main-native-r09-c03-preview.png,dsm-main-native/dsm-main-native-r09-c03-values.png
dsm-main-native-r09-c04,109.63763888888889,17.799861111111113,109.92208333333333,17.940138888888892,1024,505,unavailable-no-source-tile,0,517120,0,0,0.0002777777777777778,11,18,dsm-main-native/dsm-main-native-r09-c04-preview.png,dsm-main-native/dsm-main-native-r09-c04-values.png
dsm-main-native-r09-c05,109.92208333333333,17.799861111111113,110.20652777777778,17.940138888888892,1024,505,unavailable-no-source-tile,0,517120,0,0,0.0002777777777777778,11,18,dsm-main-native/dsm-main-native-r09-c05-preview.png,dsm-main-native/dsm-main-native-r09-c05-values.png
dsm-main-native-r09-c06,110.20652777777778,17.799861111111113,110.49097222222223,17.940138888888892,1024,505,unavailable-no-source-tile,0,517120,0,0,0.0002777777777777778,11,18,dsm-main-native/dsm-main-native-r09-c06-preview.png,dsm-main-native/dsm-main-native-r09-c06-values.png
dsm-main-native-r09-c07,110.49097222222223,17.799861111111113,110.77541666666667,17.940138888888892,1024,505,unavailable-no-source-tile,0,517120,0,0,0.0002777777777777778,11,18,dsm-main-native/dsm-main-native-r09-c07-preview.png,dsm-main-native/dsm-main-native-r09-c07-values.png
dsm-main-native-r09-c08,110.77541666666667,17.799861111111113,111.05986111111112,17.940138888888892,1024,505,unavailable-no-source-tile,0,517120,0,0,0.0002777777777777778,11,18,dsm-main-native/dsm-main-native-r09-c08-preview.png,dsm-main-native/dsm-main-native-r09-c08-values.png
dsm-main-native-r09-c09,111.05986111111112,17.799861111111113,111.34430555555556,17.940138888888892,1024,505,unavailable-no-source-tile,0,517120,0,0,0.0002777777777777778,11,18,dsm-main-native/dsm-main-native-r09-c09-preview.png,dsm-main-native/dsm-main-native-r09-c09-values.png
dsm-main-native-r09-c10,111.34430555555556,17.799861111111113,111.5001388888889,17.940138888888892,561,505,unavailable-no-source-tile,0,283305,0,0,0.0002777777777777778,11,18,dsm-main-native/dsm-main-native-r09-c10-preview.png,dsm-main-native/dsm-main-native-r09-c10-values.png
